coefficients,signature,discriminant
"[1, 35, -16, 87, -27]",[1],-118577686896
"[1, 59, -22, 7, -23]",[1],-169196224644
"[1, 35, 69, -115, -88]",[1],542051481748
"[1, -92, -77, 59, -60]",[1],-11376890855903
"[1, -75, 76, -20, -56]",[1],-2573516555200
"[1, 110, 47, -128, -8]",[1],12327699407616
"[1, 84, 57, 40, -2]",[1],-152617776800
"[1, -78, 16, -42, -119]",[1],-14756412710592
"[1, -103, 61, -80, -127]",[1],-60117784750159
"[1, 14, 127, 116, -41]",[1],-97681478992
"[1, -92, 54, -101, 26]",[1],-2354242208891
"[1, -80, -89, -35, 62]",[1],-5312757565607
"[1, 88, -98, -113, -26]",[1],-524217492379
"[1, -19, -83, 25, -66]",[1],-172006913036
"[1, 110, 114, -126, 36]",[1],-6656618832048
"[1, 86, -110, 67, 1]",[2],-441444198523
"[1, -59, 57, -44, 89]",[1],-1868237775239
"[1, 66, 31, -67, 97]",[1],-5345830913215
"[1, -36, -74, -29, -100]",[1],-629814510779
"[1, -105, -128, -75, 93]",[1],-41773821176328
"[1, 80, -125, -109, -101]",[1],-27457918622263
"[1, 0, -34, 83, 16]",[1],-432699563
"[1, -89, 109, -17, 19]",[1],-872047403443
"[1, -91, -109, -100, -121]",[1],-17667489117959
"[1, 81, -102, -37, 49]",[1],527786446324
"[1, -121, 53, -114, 52]",[1],-15804726985148
"[1, -51, 98, 55, 28]",[1],-510719757887
"[1, -79, 9, -2, 83]",[1],-7177599026271
"[1, -54, 117, -75, 7]",[1],-5819116703
"[1, 64, -8, 90, 82]",[1],-4153109092528
"[1, 24, 1, -75, -3]",[1],22329349953
"[1, 125, -124, 29, -103]",[1],-72082838612000
"[1, -71, -125, -20, -95]",[1],-9421869168175
"[1, -82, 86, 107, 63]",[1],-7897883001275
"[1, 101, 74, -60, -117]",[2],-24687969853059
"[1, 6, -42, 6, -81]",[1],-7696949184
"[1, -118, -4, -127, -84]",[1],-49118880242027
"[1, 23, 74, -41, 59]",[1],-41495074768
"[1, -19, 25, -84, 75]",[1],-12939281991
"[1, -54, 79, -29, -76]",[1],-1184783754143
"[1, 41, -15, 38, -58]",[1],-242948823512
"[1, 52, -22, 95, 29]",[1],-824520587851
"[1, -96, -13, -32, -95]",[1],-20341882003568
"[1, -109, -45, 102, -58]",[1],-13750037575528
"[1, 77, 100, -11, 3]",[1],-90288986612
"[1, -123, -66, -67, -63]",[1],-18664155596484
"[1, -49, -10, -94, 103]",[1],-2317596629403
"[1, -15, -27, 120, 37]",[1],40457669737
"[1, -75, -106, -28, 12]",[1],-70321473200
"[1, 8, -116, -108, 30]",[1],224648250624
"[1, 96, 119, 9, 98]",[1],-24716919517207
"[1, 100, -1, 74, -50]",[1],-8296469552448
"[1, 33, -7, 16, -49]",[1],-76726536951
"[1, 104, 31, -128, -10]",[1],9980479540064
"[1, 49, 58, 28, 102]",[1],-1281219095404
"[1, 110, -111, -71, -23]",[1],-5518724354023
"[1, -41, -23, 85, 15]",[1],205247174285
"[1, 89, -54, -7, -61]",[1],-7145483899568
"[1, -86, 23, 34, -86]",[1],-9841648749744
"[1, 18, -19, 70, -122]",[1],-47256035024
"[1, 63, -101, 62, 28]",[1],-852837969532
"[1, 64, -8, 81, -92]",[1],-4145780453851
"[1, 77, -14, -100, 42]",[1],637031996372
"[1, 84, -81, -58, 97]",[1],-6158305070096
"[1, -55, 79, -106, -109]",[1],-4888176509183
"[1, 45, -104, -22, 31]",[1],363834040157
"[1, 94, -72, 26, -100]",[1],-20494323022896
"[1, -53, 51, -78, -89]",[1],-2496532277543
"[1, -124, 96, 39, 24]",[1],-7179179585211
"[1, -29, -15, -37, 33]",[1],-36733954307
"[1, 65, -114, -125, -61]",[1],-5166531631800
"[1, 11, 2, 81, -9]",[1],-3827987928
"[1, -119, -108, 114, -124]",[1],-130919398016800
"[1, 115, -108, 112, -48]",[1],-5004806773504
"[1, -68, 56, -79, 52]",[1],-900445456539
"[1, 79, -58, 97, -107]",[1],-9263312022396
"[1, -118, 107, 55, -127]",[1],-49677424562887
"[1, -101, -33, 110, 96]",[1],-14002723061996
"[1, 12, 118, -72, -11]",[1],-63614110464
"[1, 33, -75, 95, 91]",[2],-815160293771
"[1, -54, 22, 18, 94]",[1],-2055388456368
"[1, 88, -87, -34, 90]",[1],-8380058180000
"[1, -2, 62, -82, 4]",[1],-5351086512
"[1, -81, 97, 14, 32]",[1],-2190171230348
"[1, -47, -22, 60, 14]",[1],106881770164
"[1, -108, 100, -20, -103]",[1],-37050282264320
"[1, 50, 122, 60, -24]",[1],-9195456000
"[1, -16, 49, 40, 41]",[1],-1603817968
"[1, 23, 31, -61, -30]",[1],15150195632
"[1, 58, 112, -19, -77]",[1],271697123549
"[1, 17, 40, 59, 93]",[1],-3766652872
"[1, 7, -77, 55, 70]",[1],25952115680
"[1, 119, -96, -112, 59]",[1],14697873002749
"[1, -13, 17, -86, 110]",[1],-6884836408
"[1, 80, 85, 3, -48]",[1],-1761063955839
"[1, -37, 22, 4, -59]",[1],-153577526083
"[1, 32, -114, -113, -63]",[1],-907867585499
"[1, 3, -119, -74, -110]",[1],-361596446536
"[1, 90, -55, -60, -28]",[1],-2097668365312
"[1, -33, -123, 53, -88]",[1],-1897621055788
"[1, -102, -44, -10, -78]",[1],-17799809107888
"[1, -33, -74, -128, 113]",[1],-1532217558587
"[1, -107, 68, -20, -126]",[1],-56346259512236
"[1, 6, -40, -62, -73]",[1],-6225595392
"[1, -43, -103, 86, 121]",[1],1753161726777
"[1, 11, 58, 37, 8]",[1],68794265
"[1, 61, 33, -99, -3]",[1],918846178677
"[1, 73, 25, 28, -107]",[1],-9071710136239
"[1, -88, -97, -75, 54]",[1],-9331771560471
"[1, 108, -7, 71, -98]",[1],-36071208148775
"[1, 61, 37, -77, 111]",[1],-5254967261251
"[1, 13, 91, 89, 23]",[1],-121126771
"[1, 108, 61, 45, -72]",[1],-22503010755159
"[1, -35, 110, 113, 69]",[1],-518483396868
"[1, 68, -91, 82, 55]",[1],-4128551747856
"[1, -94, -77, -112, 84]",[1],-29674590311296
"[1, -31, 123, -58, 113]",[1],-319675050311
"[1, 125, -85, 50, 28]",[1],-9225897080988
"[1, 96, -117, -57, -80]",[1],-28472112451463
"[1, -38, -36, -113, 29]",[1],-510785666771
"[1, -71, 86, 94, 94]",[1],-9767590192428
"[1, -11, -32, 24, 65]",[1],527306709
"[1, 15, 17, -2, -13]",[1],-85617639
"[1, 27, -46, 0, 88]",[1],-119154442176
"[1, -88, -23, -113, 100]",[1],-23660552547151
"[1, 25, 103, -39, -43]",[1],52092910461
"[1, 66, -47, 42, -25]",[1],-188948934208
"[1, -67, 116, 10, 2]",[1],-56784107788
"[1, 29, -57, -19, 68]",[1],-23860168844
"[1, 21, -33, 61, 9]",[1],-13448609739
"[1, -21, -1, 53, 18]",[1],3727872724
"[1, 87, 23, -82, -46]",[1],-715280847624
"[1, -80, 62, -88, 83]",[1],-4902868022272
"[1, -127, 114, -112, 52]",[1],-8054248456368
"[1, 56, -82, 116, -53]",[1],-377066251008
"[1, 107, 66, -98, 90]",[1],-36532077526220
"[1, 22, 108, 79, -112]",[1],13619682229
"[1, 115, 56, 75, 58]",[1],-11832801795527
"[1, -87, 122, 71, -75]",[1],4464537613012
"[1, -113, 51, -92, -21]",[1],-8401226893663
"[1, 7, 121, 13, 45]",[1],131228133581
"[1, 88, -3, 90, -10]",[1],-2117280578080
"[1, 58, -31, -39, 102]",[1],-2788963974615
"[1, -2, -2, 104, 93]",[1],-2812745264
"[1, 109, -99, -113, 35]",[1],15506402624509
"[1, 21, 73, -52, 118]",[1],-56029139236
"[1, 12, -17, 75, -73]",[1],-5584609183
"[1, -90, 4, 20, 38]",[1],-2568043773632
"[1, -17, 21, 75, -126]",[1],-2290151340
"[1, 8, 22, -40, 85]",[1],1489326080
"[1, 33, -10, -101, 40]",[1],123971592001
"[1, -59, 16, -115, 122]",[1],-5210254641367
"[1, 55, -5, -32, 24]",[1],-110192653408
"[1, -124, -109, -97, -125]",[1],-72314243161071
"[1, -21, -78, 7, -40]",[1],-80946293575
"[1, -64, -89, -110, -107]",[1],-2798673394576
"[1, 13, 90, -66, -92]",[1],-91915692368
"[1, 42, 48, -4, -22]",[1],-14565648064
"[1, 62, 50, 23, 111]",[1],-4274892379835
"[1, -67, -65, -52, -35]",[1],-343077889783
"[1, -104, -61, 16, 54]",[1],-7823453398688
"[1, -108, -16, -96, -120]",[1],-53510777389056
"[1, -21, 73, 108, -37]",[2],34335538025
"[1, -59, -89, -70, -108]",[1],-2904470709212
"[1, 113, -92, -79, -52]",[1],-20957466516191
"[1, -67, 10, 117, -64]",[1],137349708585
"[1, 52, -81, 7, 58]",[1],-493511943807
"[1, 36, -98, 55, -103]",[1],-710131135883
"[1, -65, 123, -112, -93]",[1],-7107926871191
"[1, 79, 6, 36, -53]",[1],-3130265318963
"[1, -89, 42, -124, -126]",[1],-38976842113484
"[1, -72, 94, -35, 61]",[1],-2187615716203
"[1, 107, -53, 80, 51]",[1],-16327517254183
"[1, -66, 117, -64, -31]",[1],-756267451312
"[1, -85, 81, 14, 51]",[1],-4788920993863
"[1, 86, 105, -71, -117]",[1],-4298253178919
"[1, 13, 2, -29, 48]",[1],-1420176071
"[1, -75, -114, 92, -60]",[1],-8654097580848
"[1, -107, -124, -1, -103]",[1],-48824813372104
"[1, -120, 67, -63, 101]",[1],-45918329353303
"[1, 84, -22, -5, 37]",[1],-1815218866139
"[1, 84, 108, 0, -7]",[1],173076689408
"[1, 1, -23, -117, -87]",[1],-1130108571
"[1, 68, 86, -80, -89]",[2],829976493312
"[1, -57, 89, -47, -51]",[1],-861717553451
"[1, -125, 19, 2, 117]",[1],-89854798536575
"[1, 120, 115, -89, -80]",[1],3245320827593
"[1, 68, -11, 118, 110]",[1],-10037221110304
"[1, -47, 107, 102, 25]",[1],-125290902071
"[1, 34, 64, -75, 110]",[1],-622096285275
"[1, -26, 111, -83, 37]",[1],-11674661895
"[1, -92, 21, 86, -44]",[1],-576757303744
"[1, 72, -51, -15, -32]",[1],-1036583637791
"[1, 87, -59, 25, -53]",[2],-3933088534603
"[1, -18, -88, 10, -30]",[1],-67892859440
"[1, 89, 66, -7, 111]",[1],-21551465064496
"[1, -32, -34, 112, 64]",[1],257782013952
"[1, 24, 19, 111, -91]","[1, 0]",-170914300951
"[1, 104, -40, -60, -11]",[1],89885420032
"[1, 73, 72, -6, 75]",[1],-4781863048923
"[1, -121, 65, 12, 16]",[1],-2068935532016
"[1, 98, -29, -26, -99]",[1],-26096683847936
"[1, -49, -74, -97, 116]",[1],-4337576562119
"[1, -6, 13, -86, 111]",[1],-808098496
"[1, -99, 38, -88, 66]",[1],-9943443379628
"[1, -53, -88, 105, 110]",[1],2060889080905
"[1, -83, -38, 102, 98]",[1],-5955010428684
"[1, 120, -3, 109, -66]",[1],-32648148345231
"[1, -128, 29, 61, 18]",[1],-1613640506495
"[1, 116, -12, -12, -114]",[1],-64294444106496
"[1, 33, -121, 66, -57]",[1],-324905854143
"[1, 59, 73, -57, 13]",[1],-102684180115
"[1, -31, -79, -66, 86]",[1],-404792903000
"[1, -85, -44, -48, 57]",[1],-6207031868283
"[1, 39, -20, -22, -14]",[1],-17697681868
"[1, 67, 44, 8, -10]",[1],-55170691276
"[1, -88, 49, -84, -55]",[1],-8669238541872
"[1, -127, -49, -18, -21]",[1],-2652285340383
"[1, 31, 86, -94, 27]",[1],-23744576019
"[1, -16, -42, -17, -99]",[1],-38627689883
"[1, -101, 23, 0, -108]",[1],-32325435340704
"[1, 1, 1, 21, -99]",[1],-299041875
"[1, -112, -71, 8, -108]",[1],-54622367731648
"[1, -76, -4, -8, -85]",[1],-6512451275776
"[1, 92, 49, -46, 64]",[1],-9563672861632
"[1, -51, -40, 72, 15]",[1],308712192405
"[1, 65, 69, -73, -5]",[1],626178162789
"[1, -53, -128, 16, -53]",[1],-2558288863699
"[1, 94, -10, -29, 60]",[1],-7289794019363
"[1, -66, -110, -50, 114]",[1],-8307890093488
"[1, -102, -22, 100, -97]",[1],-27551979841200
"[1, -13, -41, 25, -119]",[1],-47452577923
"[1, 15, -102, 41, -76]",[1],-171254665471
"[1, -93, -8, 10, 45]",[1],-4053598380715
"[1, 36, 99, -81, 113]",[1],-1122396916207
"[1, -1, -35, 47, 95]",[1],834398965
"[1, -55, 37, -21, -79]",[1],-1575389672451
"[1, 70, -9, -22, 36]",[1],-788738502128
"[1, 96, -42, 58, 72]",[1],-15497333362224
"[1, -78, 44, -33, -120]",[1],-15096055807659
"[1, 35, 65, 97, 91]",[1],-89803481211
"[1, -42, 53, 70, -3]",[1],123662725312
"[1, 7, -101, 17, 112]",[1],171754353872
"[1, -80, -72, -91, 58]",[1],-8408230511467
"[1, -8, -103, -78, -52]",[1],-57169458944
"[1, 111, -118, 23, -90]",[1],-36183443098175
"[1, 104, -104, -37, 84]",[1],-11970171099883
"[1, -9, 47, 28, 126]",[1],12032103244
"[1, 25, 9, -67, -110]",[1],-78279272716
"[1, -94, 24, 32, -85]",[1],-13884102951728
"[1, -21, -59, -123, -10]",[1],-66541147696
"[1, -1, -91, 89, -117]",[1],-114951166235
"[1, 90, 48, 63, -95]",[1],-19455093874499
"[1, 27, 127, 67, -110]",[1],85971171104
"[1, 32, 94, -44, -43]",[1],143265664256
"[1, 53, 62, -19, -61]",[1],-370579286576
"[1, -75, -118, -83, -8]",[1],-200708229479
"[1, 22, -117, -1, -32]",[1],-213266111431
"[1, -121, 106, -123, -109]",[1],-112863097834104
"[1, 9, 62, 86, 106]",[1],3230931700
"[1, -29, -120, 80, 13]",[1],403112843069
"[1, 100, -1, 33, -7]",[1],-271617466991
"[1, -74, 18, -16, -90]",[1],-6625809070016
"[1, 47, 94, 71, 31]",[1],-14007613456
"[1, -55, -8, 66, 112]",[1],-2769511742416
"[1, 68, 60, 43, -120]",[1],-9010452698123
"[1, -100, 49, 31, -93]",[1],-19679372448263
"[1, -107, 28, -37, -111]",[1],-45669267011192
"[1, 26, -122, 26, 35]",[1],209419146304
"[1, 109, 3, 36, -61]",[1],-14554537945807
"[1, -20, -104, 92, 55]",[2],449765833472
"[1, 13, -128, -106, 126]",[1],1065265273972
"[1, -10, -104, -125, -5]",[1],32338648445
"[1, -60, 124, 40, 78]",[1],-4744705672192
"[1, -30, 105, 29, -85]",[1],185638024913
"[1, 80, -43, 40, 25]",[1],-1189810594800
"[1, 116, -64, -99, -95]",[1],-57040598406251
"[1, 89, -5, 12, 27]",[1],-1264813388127
"[1, 107, -119, 3, 13]",[1],307684713365
"[1, -5, 83, -12, -107]",[1],-79620411863
"[1, 45, 28, -57, 121]",[1],-1748188809576
"[1, 113, 79, -118, 46]",[1],-10710719569000
"[1, 45, -83, -19, 77]",[1],-145378169171
"[1, -111, 110, 9, -8]",[2],458859585969
"[1, 29, 111, 43, -19]",[1],27525584349
"[1, -22, 123, -60, 65]",[1],-3718866640
"[1, 30, -118, -61, -55]",[1],-802968991419
"[1, -86, -44, 24, 45]",[1],-2367558924336
"[1, 118, -84, -65, 87]",[1],-21281958192163
"[1, -55, 80, -92, 16]",[1],-145060736256
"[1, -9, -71, -115, -59]",[1],-332691523
"[1, -51, 62, -63, 67]",[1],-396987546240
"[1, -68, -118, 24, 12]",[1],581335858176
"[1, -34, 123, -65, 87]",[1],-283012953359
"[1, 99, 73, -16, -28]",[1],-957650273408
"[1, 5, -36, -106, 62]",[1],4936987732
"[1, 95, 108, -102, 23]",[1],-1312936322323
"[1, -124, -8, -108, 41]",[1],-21648316370688
"[1, 114, -117, 91, -49]",[1],-4324807552135
"[1, 64, 17, -86, 116]",[1],-6098330478848
"[1, 10, 65, -127, -44]",[1],-59306685831
"[1, -18, 22, -106, 109]",[1],-28622196736
"[1, -49, -105, 45, -89]",[1],-3635150837891
"[1, -86, 90, -100, 76]",[1],-4005738754816
"[1, -43, -51, 69, 74]",[1],56292161108
"[1, 62, -93, -45, -45]",[1],-2245118855535
"[1, -40, -37, 124, -81]",[1],-417376796496
"[1, 14, 79, 97, -89]","[0, 1]",-3358639879
"[1, 27, 56, -8, 36]",[1],-27829861808
"[1, 52, 4, -73, -48]",[1],-193528605083
"[1, -57, -94, 119, 83]",[1],4047597937584
"[1, -21, 68, -113, -115]",[1],-69768376848
"[1, -111, 79, -112, -99]",[1],-63885867803551
"[1, 76, -89, 11, 125]",[1],-14118241399231
"[1, -1, 105, -29, -92]",[1],-193238979664
"[1, -53, 0, 31, -67]",[1],-936209859728
"[1, -60, 26, 67, -60]",[1],-534413404283
"[1, 33, -21, -92, -115]",[1],-488081041159
"[1, 62, 117, 69, 66]",[1],-970645021551
"[1, 93, 21, 32, -74]",[1],-11705886792932
"[1, 23, 36, 96, -113]",[1],-150563378651
"[1, -61, -12, 40, -107]",[1],-4500611532787
"[1, -78, 91, 22, -16]",[1],337619279824
"[1, 75, 29, -77, 26]",[1],-231205796748
"[1, 120, -27, -110, 67]",[1],-9727132089488
"[1, -113, -10, 13, 76]",[1],-25258769948055
"[1, 121, 119, 41, -75]",[1],-35370720358659
"[1, 5, 128, 124, 84]",[1],181100433744
"[1, 44, -110, 127, -74]",[1],-74216610091
"[1, 40, -42, 97, -48]",[1],-184626609691
"[1, 93, 112, -110, -22]",[1],9085615605748
"[1, -80, 18, 32, -26]",[1],-526672431616
"[1, 44, -57, -80, 70]",[1],325894638560
"[1, 38, -99, -25, -79]",[1],-1285907784143
"[1, 113, 0, 5, 34]",[1],-5089936159863
"[1, -48, -26, -110, -108]",[1],-1738102054192
"[1, 111, -102, 112, -110]",[1],-31893397272428
"[1, -1, -85, 40, -13]",[1],-7122916135
"[1, 42, -74, -46, -39]",[1],-437375474944
"[1, 101, 7, -7, -91]",[1],-23095109429483
"[1, -42, -56, -75, -4]",[1],-89859058123
"[1, 33, 66, 113, -62]",[1],-359686528007
"[1, 89, -27, 92, 57]",[1],-9603902553079
"[1, 4, -127, 88, -88]",[1],-285770781824
"[1, 51, 1, 66, -51]",[1],-633212257983
"[1, 80, 26, -30, 95]",[1],-10418572207280
"[1, 30, -105, -15, -116]",[1],-1335108333551
"[1, 85, 38, 14, 111]",[1],-16423262956443
"[1, 25, -24, -64, -98]",[1],-150148187500
"[1, 31, 4, -101, 79]",[1],-51479733076
"[1, -86, 20, -121, -71]",[1],-13647321018675
"[1, -6, 124, 16, 105]",[1],364061629520
"[1, -26, -71, -44, -84]",[1],-132984206848
"[1, 84, -71, 15, 79]",[1],-8953693005015
"[1, 19, 126, -84, 91]",[1],164294759965
"[1, 94, 105, -126, 33]",[1],-1880776663488
"[1, -35, -105, 10, -23]",[1],-230775812127
"[1, -79, 68, -98, -53]",[1],-6861604225419
"[1, -122, 65, -96, 20]",[1],-4406793054464
"[1, -36, -123, -60, 113]",[1],-364551458800
"[1, 43, 113, -15, 98]",[1],-1570248876800
"[1, -24, 16, -27, 101]",[1],-71468504299
"[1, -77, 85, -20, 22]",[1],-436858558180
"[1, -70, 51, -47, -19]",[1],-550215586863
"[1, -122, 125, 36, -53]",[1],-1969941890672
"[1, 67, -118, -26, 93]",[1],-552886367411
"[1, 52, -79, -65, -13]",[1],-51474969143
"[1, 19, -115, 113, 63]",[1],47329986597
"[1, -88, 126, -4, -66]",[1],-3003688189696
"[1, 64, 103, 93, -90]",[1],-5766003223623
"[1, 111, 121, -111, 9]",[1],5360624301789
"[1, 50, 7, 32, 48]",[1],-376729272832
"[1, -109, -101, -62, 113]",[1],-63139971026551
"[1, 121, 88, -56, -83]",[1],-21086732995123
"[1, -120, 61, -4, -58]",[1],-18096511608800
"[1, 106, 17, 6, -20]",[1],-1392448163408
"[1, 87, 71, -71, -83]",[1],-3399025468211
"[1, 83, 6, 2, -103]",[1],-13543686318731
"[1, 38, -114, 37, -89]",[1],-1128694360747
"[1, -37, -34, 67, -123]",[1],-1092997630836
"[1, 128, 14, 26, -42]",[1],-13437339388208
"[1, 28, 123, 6, -113]",[1],175623684880
"[1, 103, 3, -76, 19]",[1],729037819697
"[1, 74, 45, 52, -76]",[1],-5765730508800
"[1, -44, -78, 10, -4]",[1],-22908407216
"[1, -89, -85, -97, -70]",[1],-4635474253840
"[1, -30, -36, 67, 76]",[1],8096941957
"[1, 29, 5, -13, 70]",[1],-91992715440
"[1, 126, 107, -107, -24]",[1],19184100807409
"[1, -21, -59, 78, 63]",[1],113168349585
"[1, 51, 53, -92, -101]",[1],-5501703191
"[1, 56, 90, -78, 16]",[1],-71366977328
"[1, -82, -68, -73, 25]",[1],-2604284902771
"[1, 14, 15, -119, 87]","[1, 0]",861806713
"[1, 112, 83, -7, 1]",[2],-40301322183
"[1, -31, -4, -35, -106]",[1],-285382777879
"[1, 124, -51, -23, 103]",[1],-63747473134311
"[1, -86, 108, -127, -59]",[1],-14885275066483
"[1, 95, -6, -120, 79]",[1],-6998467696475
"[1, -94, 53, 128, 100]",[1],-23677032949248
"[1, -60, -122, 111, 18]",[1],3589597269333
"[1, 13, 128, 78, 14]",[1],3550874548
"[1, 87, -128, 100, -50]",[1],-939834529900
"[1, -123, -91, 49, -72]",[1],-46242461282768
"[1, -93, 8, -108, -38]",[1],-7388572020300
"[1, 24, 18, -29, 1]",[2],1145494165
"[1, -25, -56, 10, 43]",[1],5963959973
"[1, 98, -1, -110, -117]",[1],-29208956782656
"[1, 128, 91, 62, 45]",[1],-8527170475984
"[1, 62, -116, 50, -81]",[1],-2929733903104
"[1, 106, -63, 128, 81]",[1],-46079637601136
"[1, 112, 37, 9, -116]",[1],-56948598072271
"[1, 15, 37, -57, 111]",[1],-5274275883
"[1, -50, -25, -92, 74]",[1],-1773169336448
"[1, 116, -115, -59, 7]",[1],3696792140889
"[1, -74, 94, -60, -67]",[1],-4877978608944
"[1, -4, -68, -119, 38]",[1],4951533413
"[1, -33, -1, -62, -18]",[1],-44162722904
"[1, 22, 124, -116, -65]",[1],-57934336816
"[1, -3, 108, -16, 40]",[1],80249915200
"[1, 60, -71, 53, 50]",[1],-1577277218951
"[1, -35, -25, 45, 7]",[1],23492213533
"[1, 40, -5, -107, -107]",[1],-534846733735
"[1, 94, 13, -39, 121]",[1],-31342890548455
"[1, 80, -88, -90, -31]",[1],-2091956713904
"[1, -43, -47, 69, -39]",[1],-252904527171
"[1, 13, 113, -11, -53]",[1],-91257488667
"[1, 2, -126, -9, -46]",[1],-191786243683
"[1, -92, 16, -77, 123]",[1],-28333230926827
"[1, -56, 104, 16, 49]",[1],-1337170788096
"[1, 72, -41, 118, -83]",[1],-4929671781904
"[1, -54, 112, -102, 92]",[1],-608074607920
"[1, -86, -62, -72, 120]",[1],-28596353522688
"[1, 6, -128, 57, -82]",[1],-326113549099
"[1, 71, -127, 121, -73]",[1],-917579571643
"[1, 88, 5, 128, -55]",[1],-10980924233968
"[1, -29, -22, 9, -53]",[1],-68286275768
"[1, -105, -7, -49, 14]",[1],-1293191679276
"[1, 76, -37, 72, -83]",[1],-5344571249264
"[1, 117, 53, 124, 65]",[1],-20867215843575
"[1, 73, 30, 114, -18]",[1],-2835821124108
"[1, 100, -6, 46, -16]",[1],-1001770691504
"[1, 63, 99, -96, 127]",[1],-11445166666319
"[1, -41, 32, 71, 74]",[1],-483417831367
"[1, 95, 116, -47, -20]",[1],2427429482937
"[1, 13, -87, 61, -84]",[1],-73064141536
"[1, -53, -81, 36, 79]",[1],-259263065543
"[1, -68, -63, -104, -114]",[1],-5394842873248
"[1, 96, 78, 121, 69]",[1],-6912804213819
"[1, 38, -101, 51, 123]",[1],-1074780063423
"[1, 16, -23, 25, 35]",[1],-5216816735
"[1, -99, 43, -114, -1]",[2],-5492552131159
"[1, 124, -121, 3, 67]",[1],-23198366561279
"[1, 54, -113, 98, 76]",[1],-3244596218608
"[1, 33, -109, 17, -4]",[1],-21247771212
"[1, -88, 107, 82, 80]",[1],-18594001891936
"[1, -70, 48, -56, 119]",[1],-7278832468656
"[1, -17, -10, -92, -38]",[1],-19126794732
"[1, -72, -74, -19, 87]",[1],-6019819869931
"[1, -36, -116, -120, 118]",[1],-1758047929344
"[1, 97, -108, -74, -14]",[1],-934266852108
"[1, -47, -30, 0, -104]",[1],-1555932088256
"[1, -1, -101, 47, 42]",[1],77255855984
"[1, 17, -58, -124, -46]",[1],14990960500
"[1, 26, -45, 23, -58]",[1],-50915553647
"[1, 32, -107, -14, -54]",[1],-582695854688
"[1, -70, 44, -113, 90]",[1],-4319805431451
"[1, 90, -28, -93, 65]",[1],-2907921073795
"[1, -27, -92, -41, 37]",[1],20545366328
"[1, -30, 6, 88, 86]",[1],-106606118848
"[1, -15, -115, -35, -78]",[1],-293804511212
"[1, -13, -33, -64, -34]",[1],-977988308
"[1, -52, -77, -75, 128]",[1],-5341177682175
"[1, 83, 30, 113, -55]",[1],-8769662812508
"[1, 11, -56, 102, -6]",[1],-7549816716
"[1, 29, 84, -128, -35]",[1],282320261789
"[1, -104, 82, -17, -34]",[1],-3646436499611
"[1, 11, -90, 50, -52]",[1],-48772600016
"[1, 7, 62, -107, 72]",[1],14446984657
"[1, -127, 84, 79, 39]",[1],-16547896007708
"[1, -108, -90, -91, 55]",[1],-23375682799835
"[1, 125, 109, 39, -47]",[1],-17302197312067
"[1, -7, -13, 123, -127]",[1],264308101
"[1, -78, -7, -49, 36]",[2],-1636996798943
"[1, -50, 24, -37, -86]",[1],-1361601514075
"[1, 0, -47, 34, -80]",[1],-7116775360
"[1, -76, 8, -100, 10]",[1],-1774187416320
"[1, -43, 88, 4, -105]",[1],-299857199675
"[1, -73, -66, -17, -33]",[1],-830373224144
"[1, -108, 67, 99, -69]",[1],-584751752511
"[1, -47, 3, 103, 56]",[1],1201147600
"[1, -96, 90, -35, 58]",[1],-6093035090411
"[1, 114, -22, 25, 37]",[1],-6917472379499
"[1, 32, -112, 122, 53]",[1],-432726255536
"[1, -50, 16, 51, -58]",[1],-373267671675
"[1, 47, 89, -96, 69]",[1],-1324586501367
"[1, -114, -48, -67, 54]",[1],-19653502805883
"[1, 71, -105, 41, -18]",[1],-162782487436
"[1, 73, -88, 81, -112]",[1],-6794318008271
"[1, -71, 75, 86, 71]",[1],-5469941192823
"[1, -7, -48, -11, -83]",[1],-12330531184
"[1, 82, -27, -5, -69]",[1],-6067240741111
"[1, 32, -36, -13, -21]",[1],-25517987851
"[1, -17, -101, -24, -85]",[1],-248894087031
"[1, -107, 25, 2, 96]",[1],-32409949377260
"[1, 8, -89, 74, 49]",[1],39608005424
"[1, 75, -26, 117, 87]",[1],-11410412449800
"[1, -35, 89, -83, -96]",[1],-402227112080
"[1, -20, 103, -74, 34]",[1],-764369536
"[1, -46, 100, 62, 94]",[1],-2117819537200
"[1, -2, 92, 94, 58]",[1],44495395920
"[1, -124, 4, 53, 26]",[1],-3369508717259
"[1, -125, -99, 87, 39]",[1],10649485673181
"[1, -93, 107, 35, -45]",[1],544308985165
"[1, -8, 40, -27, 24]",[1],216271125
"[1, -77, 27, -19, 78]",[1],-5361643089356
"[1, -82, 42, -126, -41]",[1],-8089988158400
"[1, 104, 91, 65, -45]",[1],-10697946802615
"[1, 94, 44, -38, -90]",[1],-13944170828336
"[1, 47, -66, -116, -74]",[1],-1345561180204
"[1, -25, 45, -69, -77]",[1],-86574810875
"[1, -9, 91, -47, 111]",[1],66009810461
"[1, 18, -83, 113, 122]",[1],-232934734823
"[1, -57, -96, -1, 16]",[1],115186379809
"[1, 47, 43, 52, -17]",[1],-131173773031
"[1, 72, 37, 19, 8]",[1],-23775644591
"[1, 19, 58, 26, 116]",[1],-18317901520
"[1, 89, -120, -24, 22]",[1],1359264123508
"[1, 99, 100, 117, 41]",[1],-2345871272536
"[1, 114, -110, 5, 21]",[1],-916711834651
"[1, 69, -17, 74, -108]",[1],-6996617108188
"[1, -38, 103, -97, 93]",[1],-142059143207
"[1, -23, -112, 91, -128]",[1],-1349459459127
"[1, 75, 8, 20, -69]",[1],-4132840166675
"[1, -47, 50, -27, 49]",[1],-221416312868
"[1, 54, -32, -120, -100]",[1],-2387437638400
"[1, -77, 123, 64, 124]",[1],-24532603472448
"[1, -75, -29, 51, 98]",[1],-7011494868076
"[1, 11, 118, 45, -27]",[1],-60247302012
"[1, 73, 17, -122, 25]",[1],1960158616089
"[1, -95, 25, 28, -124]",[1],-31832832665936
"[1, 14, -55, -33, -59]",[1],-35510146271
"[1, -86, -125, -60, 10]",[1],-617398259200
"[1, -53, -81, -53, -99]",[1],-1832074435795
"[1, 6, 67, 83, 94]",[1],9803254217
"[1, 5, -78, -27, -27]",[1],-18092313252
"[1, -57, 16, -25, 44]",[1],-494065039895
"[1, 55, -25, 25, -18]",[1],-61608476492
"[1, 80, 85, -7, -87]",[1],-6037198527535
"[1, 42, 37, 114, 23]",[1],-305260463296
"[1, -116, 45, 73, -18]",[1],2710408943417
"[1, -46, -13, -49, -39]",[1],-191619466775
"[1, -13, 63, 71, 94]",[1],22087860192
"[1, -35, -32, -21, 128]",[1],-813470140647
"[1, 109, -2, 41, -108]",[1],-44642645208023
"[1, -105, 117, -82, 110]",[1],-25487467302280
"[1, -28, 111, -59, 50]",[1],-50218797663
"[1, 77, 52, -84, 105]",[1],-12797762076603
"[1, -127, -96, -62, 31]",[1],-13571949709075
"[1, 91, -61, 77, -95]",[1],-13069384738803
"[1, -18, 128, -69, -74]",[1],-75682892763
"[1, 19, -63, -122, -69]",[1],-60577797703
"[1, 45, 103, 57, 108]",[1],-914646908268
"[1, 103, 13, 119, -108]",[1],-45710835709712
"[1, 80, 127, 6, -71]",[1],-2019834995536
"[1, -15, -100, 42, -12]",[1],-25665589920
"[1, -87, -26, 102, 93]",[1],-7749270830787
"[1, 20, 108, -45, -69]",[1],-21434539275
"[1, -82, -101, 2, -93]",[1],-14345652203584
"[1, 85, 51, 2, -65]",[1],-5560998854863
"[1, 96, -12, -106, -49]",[1],-2258537882800
"[1, 30, -94, -82, -29]",[1],-145385137088
"[1, -6, 72, 33, 107]",[1],44559272813
"[1, 115, 12, 11, 124]",[1],-71836503570751
"[1, -126, -10, -86, 81]",[1],-52474589077760
"[1, -75, 106, -93, -98]",[1],-12423685865103
"[1, -15, 115, -41, 103]",[1],114373545725
"[1, 122, 57, 41, -51]",[1],-18924195312175
"[1, 127, -101, -99, -24]",[1],-5059132238016
"[1, 118, -124, -64, 40]",[1],8067556168704
"[1, 64, -79, 55, -107]",[1],-4381043965791
"[1, -98, -92, 7, -59]",[1],-11613311703475
"[1, 64, -41, 116, 50]",[1],-3949746712480
"[1, 82, -111, -66, -116]",[1],-30387723683792
"[1, -8, 51, 62, -117]",[1],-22291920752
"[1, 123, 45, -40, 78]",[1],-41555786104836
"[1, -8, -53, -17, 29]",[1],2924515081
"[1, 111, -68, 44, 57]",[1],-17486580611755
"[1, -103, 32, -122, -31]",[1],-12829931365219
"[1, -66, -91, 6, -7]",[1],-147467050432
"[1, 62, 55, 116, 71]",[1],-1482138653648
"[1, -112, -51, 104, -102]",[1],-52875212026720
"[1, 9, 88, -1, 20]",[1],14806825969
"[1, -59, -59, 81, 125]",[1],-2280277405611
"[1, 109, -71, 59, -32]",[1],-2248927055980
"[1, -46, 89, 125, 13]",[1],541394978241
"[1, 123, 84, -43, 11]",[1],-1641082103500
"[1, -54, -110, -65, -115]",[1],-3025389146075
"[1, -26, -95, -110, -54]",[1],-3284054416
"[1, -127, -48, 9, 127]",[1],-112112782330964
"[1, 64, 37, -93, 16]",[1],478923246689
"[1, -112, -11, -31, -76]",[1],-24166351821743
"[1, -98, -4, -123, -32]",[1],-9285605194427
"[1, -64, -39, 20, -48]",[1],-1317243790912
"[1, -11, -23, 110, 4]",[1],10841162564
"[1, -80, 1, 81, 27]",[1],254954678625
"[1, -87, -34, 75, -18]",[2],98485144857
"[1, -117, 37, -22, -88]",[1],-40475271586508
"[1, 49, -76, -94, -100]",[1],-3413854747360
"[1, -36, -9, -112, 125]",[1],-1142693038192
"[1, 108, 46, -110, 73]",[1],-20885990118064
"[1, 31, -109, -44, 12]",[1],174180310576
"[1, 52, -23, -92, -79]",[1],-1254223694576
"[1, -87, 128, -27, 127]",[1],-25411997762820
"[1, 90, 110, 64, 2]",[1],-253317902784
"[1, -114, -1, -68, 43]",[1],-10396063556816
"[1, 74, -20, -27, 113]",[1],-10031538762723
"[1, 82, 22, -63, -53]",[1],-2069700466603
"[1, -22, 86, -45, 63]",[1],-15957701739
"[1, 126, 94, 116, -107]",[1],-121094249819440
"[1, 33, 79, -50, 50]",[1],-188440909400
"[1, 101, -84, -90, -76]",[1],-26119117264864
"[1, -27, -63, 20, -20]",[1],-37994376560
"[1, -14, -60, -115, 84]",[1],-95039737403
"[1, 109, 107, -8, 65]",[1],-20216879769575
"[1, -110, 62, 35, -76]",[1],-17203071613939
"[1, -65, 86, 77, -112]",[1],-315768221167
"[1, -104, -43, 120, -83]",[1],-23035165600688
"[1, 64, 74, -124, -97]",[1],2787204754688
"[1, -35, 49, -29, 74]",[1],-147682359344
"[1, -114, 3, 65, -46]",[1],-7754607168511
"[1, 48, 103, 80, -66]",[1],-860369268256
"[1, -37, -111, 51, -106]",[1],-2522701053292
"[1, -19, -69, -86, 36]",[1],-43768471100
"[1, -118, -48, -110, -18]",[1],-7460618831024
"[1, 109, -128, 89, 1]",[2],-2401277360848
"[1, -102, -81, 2, -125]",[1],-50824736292416
"[1, -26, -2, -15, 117]",[1],-173664847179
"[1, -2, 78, -89, 18]",[1],-4247243491
"[1, -62, 70, 93, 24]",[1],-90271944963
"[1, 99, -4, 33, 81]",[1],-17389411033896
"[1, 94, 78, 2, 41]",[1],-3949451398656
"[1, -55, -49, -21, 15]",[1],-90699532611
"[1, -113, -127, 36, 88]",[1],-14876822507024
"[1, 100, -19, 106, 81]",[1],-25670977582448
"[1, -90, -57, 21, -114]",[1],-26394372405423
"[1, 66, 57, 49, -94]",[1],-5303705059975
"[1, 48, -115, 25, -87]",[1],-2226854314511
"[1, -42, -88, 119, 120]",[1],2006449558597
"[1, 13, 88, -85, 96]",[1],80074772329
"[1, -79, -117, 71, -21]",[1],-1856778215179
"[1, 97, 104, 91, -41]",[1],-9985257032508
"[1, -8, 53, -127, -80]",[1],-6653907423
"[1, 4, 41, 57, 82]",[1],994247545
"[1, 12, 35, 111, -105]",[1],-10480227999
"[1, -120, -33, 17, 2]",[1],55591884761
"[1, -73, 4, 107, -107]",[1],-6471110820112
"[1, 127, 57, -33, 8]",[1],-736157920144
"[1, 58, -70, 4, 21]",[1],-67341969968
"[1, -58, 66, 0, -60]",[1],-773031686400
"[1, 48, -32, 127, -126]",[1],-2315260728859
"[1, -73, 49, 43, 121]",[1],-12539548610875
"[1, 91, 56, -98, -59]",[1],1400178704229
"[1, 44, -2, 14, -47]",[1],-223873330096
"[1, 14, -86, -15, -79]",[1],-149542422843
"[1, 8, -91, 106, 61]",[1],40105199376
"[1, 2, -114, -22, 19]",[1],54831200832
"[1, -64, 94, -29, 57]",[1],-1338300468491
"[1, 20, 34, 65, -80]",[1],-35773427755
"[1, 111, 9, -105, 86]",[1],-25926330189388
"[1, 109, 121, 85, 108]",[1],-27957050737696
"[1, 88, 16, -12, -58]",[1],-5238408708864
"[1, -119, -48, 44, -90]",[1],-50405120295692
"[1, -83, -8, -105, -71]",[1],-8518634223016
"[1, 42, -115, 0, -54]",[1],-1065752306496
"[1, 57, -42, -21, -114]",[1],-4418389038231
"[1, 40, 25, 91, -80]",[1],-767687008447
"[1, -128, -40, -16, 68]",[1],-35355116879872
"[1, 98, 48, -95, -15]",[1],4006038914365
"[1, -91, -15, 102, -37]",[1],-73641020287
"[1, 19, 57, 40, -93]",[1],-9300255583
"[1, -32, -34, -107, 61]",[1],-446481722283
"[1, -38, 50, -65, 60]",[1],-81008045075
"[1, -64, 124, -81, -27]",[1],-763369747227
"[1, 103, -127, 43, 67]",[1],-16047095423235
"[1, -81, 76, 94, 48]",[1],-4170716202832
"[1, -126, -121, 101, 126]",[1],-29669963986343
"[1, -103, -70, -48, -46]",[1],-4585058710508
"[1, -29, 16, 4, 89]",[1],-139235638331
"[1, -26, -8, -59, -105]",[1],-145372075267
"[1, 70, 24, -1, 64]",[1],-2612405912539
"[1, -9, 22, -66, -117]",[1],-3012338691
"[1, -81, -105, -25, -52]",[1],-3683946597196
"[1, -63, 40, -106, 74]",[1],-2022341444300
"[1, -117, -44, 109, -81]",[1],-36675361625116
"[1, 27, 110, -80, -81]",[1],210120831157
"[1, -108, 74, -12, 127]",[1],-57112731961344
"[1, 12, 14, 79, 97]",[1],-4613573195
"[1, -128, -3, -86, -68]",[1],-38184283721664
"[1, 23, 104, -57, -11]",[1],11605973824
"[1, -58, 116, -114, 21]",[1],-140908529856
"[1, -126, -126, 49, -105]",[1],-114513080329179
"[1, 81, 116, -71, 77]",[1],-13661344000608
"[1, -110, -94, -27, 58]",[1],-15130935548387
"[1, -65, -65, 91, -81]",[1],-5283818567803
"[1, 33, -5, 37, -61]",[1],-122429381675
"[1, 126, 51, -28, 51]",[1],-20203764026256
"[1, 60, 33, 2, 128]",[1],-5487232128448
"[1, -121, 104, 15, -36]",[1],-3121206834375
"[1, 57, 29, 52, 105]",[1],-2622442795079
"[1, 9, -119, 7, 30]",[1],107475911744
"[1, 93, 121, -35, -21]",[1],1874368888805
"[1, 108, -19, -67, -11]",[1],777151522729
"[1, 114, -65, -82, -42]",[1],-11229634697968
"[1, 93, -29, -4, -14]",[1],-438451035844
"[1, -95, 98, 93, 104]",[1],-36402691567031
"[1, 70, -119, 46, 27]",[1],-557977067200
"[1, -111, 31, 108, 60]",[1],-12629093118672
"[1, -70, -105, -59, 46]",[1],-2439176307511
"[1, 2, 36, -33, -56]",[1],-2888232971
"[1, -10, 112, -17, 68]",[1],121549621733
"[1, -22, -121, 21, -87]",[1],-803747319663
"[1, 105, -97, 55, -43]",[1],-3647618781843
"[1, -92, -29, -61, -41]",[1],-2998191244831
"[1, 65, 54, -71, 68]",[1],-3038738257287
"[1, 12, -55, 116, -8]",[1],-16265417408
"[1, 34, 60, -18, -19]",[2],18418005824
"[1, -99, 109, -33, 38]",[1],-3113438508736
"[1, 123, -91, 100, -106]",[1],-49735274397444
"[1, 55, -13, -46, -92]",[1],-2234861756028
"[1, 23, 7, -125, -8]",[1],84490800596
"[1, 15, -25, 78, -49]","[0, 1]",-6209983471
"[1, -69, -58, 35, -28]",[1],-893154685143
"[1, 45, -97, -34, 15]",[1],242246586505
"[1, 43, 96, -69, -35]",[1],497444377504
"[1, 64, 112, 124, -8]",[1],-1376471358208
"[1, 83, -97, -124, -107]",[1],-26906678715591
"[1, -99, -119, 103, -83]",[1],-37419521445235
"[1, -91, 125, 79, 17]",[1],-1510376009251
"[1, 37, -67, -86, 124]",[1],250982987652
"[1, -9, 17, -83, -123]",[1],-6018320627
"[1, 95, -91, -53, -103]",[1],-34740594331075
"[1, -111, -115, 47, -34]",[1],-11358212412336
"[1, 55, -57, -108, 93]",[1],737487700857
"[1, -115, -98, -11, 71]",[1],-23271171073936
"[1, 90, -109, 59, -42]",[2],-1727571199631
"[1, -23, 113, -82, -11]",[1],7025709681
"[1, 7, -80, 3, 114]",[1],66267419625
"[1, 128, 83, -76, 118]",[1],-125797166765664
"[1, 126, -12, 62, -75]",[1],-38312079115968
"[1, 58, 22, -127, -106]",[1],-674532937507
"[1, 46, -99, -95, 9]",[1],876519686201
"[1, -1, -41, 16, 88]",[1],2618509088
"[1, 47, 86, 113, -116]",[1],-2944582764903
"[1, 74, 22, 105, 72]",[1],-4780793577843
"[1, -33, -25, -100, 63]",[1],-413261063591
"[1, -67, 85, -108, -47]",[1],-3778186815943
"[1, -25, 19, 56, 22]",[1],-431440468
"[1, 77, 121, 116, -72]",[1],-10679966903056
"[1, -53, 115, -21, -27]",[1],129299213493
"[1, 111, 3, 14, -81]",[1],-26956698187887
"[1, -55, 122, -115, 17]",[1],-117880245668
"[1, -5, -23, -117, -41]",[1],-5843345251
"[1, 87, -19, 79, 50]",[1],-6123415483116
"[1, -53, 83, -9, -57]",[1],-361477175379
"[1, -60, 2, 17, -110]",[1],-4200032501675
"[1, -41, 42, 16, -65]",[1],-200819818107
"[1, 56, -17, 49, 94]",[1],-2753794265287
"[1, -68, 98, 90, 100]",[1],-10089837018800
"[1, -128, 89, 63, 103]",[1],-98072710223327
"[1, -65, -112, -72, 42]",[1],-1908104888076
"[1, 98, 84, 108, 59]",[1],-4683943785136
"[1, 4, -107, -30, -40]",[1],-88974952320
"[1, -17, -22, 27, -74]",[1],-22810877423
"[1, -91, -39, -87, 115]",[1],-32276549596307
"[1, -87, 112, -111, 104]",[1],-7595350183375
"[1, -85, 106, -31, 118]",[1],-17930394502351
"[1, 89, 65, 66, 5]",[1],-461471628743
"[1, -72, 110, 98, 92]",[1],-11999896610352
"[1, 18, -68, 12, -15]",[1],-9912315696
"[1, 64, -125, 73, 84]",[1],-4929080007847
"[1, 43, -117, -128, -10]",[1],938401217932
"[1, -14, 65, -65, 83]",[1],1066175209
"[1, 107, -111, -55, -8]",[1],-586198301292
"[1, 78, -16, -10, 81]",[1],-6526251647168
"[1, -116, -45, 56, -17]",[2],-1539828201424
"[1, 50, 128, 106, 38]",[1],-13517275312
"[1, -75, -86, -127, -89]",[1],-3732496748128
"[1, -10, 106, 44, -113]",[1],-222881537200
"[1, -106, 47, 65, 57]",[1],-13377878655143
"[1, 66, 119, -62, 16]",[1],-616847584304
"[1, 30, -125, -62, -24]",[1],-303900264496
"[1, -77, -75, -86, -37]",[1],-664585459583
"[1, -126, 10, 102, -36]",[2],1049786917200
"[1, -4, 95, 90, 107]",[1],129228338320
"[1, -102, 80, 100, -9]",[1],6032473971664
"[1, 117, 88, 30, 85]",[1],-32199569493435
"[1, 97, -23, 0, -125]",[1],-37894563505375
"[1, 20, 106, -69, 6]",[1],-1720469403
"[1, -56, -79, -10, -128]",[1],-5464567426752
"[1, 84, -21, 13, -46]",[1],-2770988295631
"[1, -85, -63, 80, 12]",[1],2063807807072
"[1, 38, -49, -96, -91]",[1],-833292825296
"[1, -125, 28, 27, 108]",[1],-78985544811903
"[1, -69, -19, -74, 67]",[1],-3913122140279
"[1, 4, 65, 14, -115]",[1],-34961965936
"[1, 87, -25, -41, 61]",[1],-4886391293651
"[1, 35, -40, 92, 127]",[1],-1298491879659
"[1, -82, 81, -55, -91]",[1],-12256111212935
"[1, -100, -6, -123, -62]",[1],-17003097034331
"[1, 33, 61, 128, 109]",[1],-129078797431
"[1, 12, 70, 29, 56]",[1],7065173029
"[1, 56, 82, -68, 117]",[1],-5398678545152
"[1, 21, -42, -55, -106]",[2],-151949379991
"[1, 108, -11, -79, 44]",[1],-3787754202887
"[1, 118, -16, -114, -114]",[1],-64665064573104
"[1, -23, 63, 119, 101]",[1],-77065898931
"[1, 119, 25, -39, 41]",[1],-9848727265443
"[1, -72, 89, -19, 8]",[1],-62930101023
"[1, -17, -2, 35, -42]",[1],-3277712375
"[1, 47, -6, 12, 62]",[1],-523326759628
"[1, 127, -17, 119, 49]",[1],-34503517973323
"[1, 119, -88, 30, 60]",[1],-22798900188960
"[1, 24, -44, -15, 82]",[1],-46386789147
"[1, 100, 16, 124, 118]",[1],-40785876411136
"[1, -44, 73, 30, -79]",[1],-68872133808
"[1, 37, 29, -91, 123]",[1],-812677702563
"[1, -57, -79, 72, -121]",[1],-7666802115223
"[1, 25, 70, -37, 47]",[1],-45548050744
"[1, -81, 31, 5, -54]",[1],-3183653473228
"[1, 95, 75, 24, -26]",[1],-1751028786068
"[1, 26, -56, 44, -3]",[1],-1650660784
"[1, 95, -71, 46, 83]",[1],-19277157100807
"[1, -111, -30, 83, -91]",[1],-36842877047452
"[1, -79, -9, -108, -32]",[1],-3293401463600
"[1, 55, -37, -7, 92]",[1],-2093516610496
"[1, -121, -6, 48, 53]",[1],-15026330777251
"[1, -109, -94, 123, -77]",[1],-36446318267408
"[1, -29, -109, -107, -45]",[1],-12622982171
"[1, 11, -109, 27, -17]",[1],-39689365115
"[1, 93, -126, 83, -57]",[1],-3001526367912
"[1, -46, 86, -96, -28]",[1],-444167001344
"[1, -13, -30, -42, 99]",[1],-24084421875
"[1, -40, 39, -31, -13]",[1],-26581231463
"[1, 66, 29, 51, -125]",[1],-8741464424919
"[1, 104, -3, 79, 39]",[1],-7238604579359
"[1, 94, -17, 4, -102]",[1],-22071661960576
"[1, 73, -46, -68, -123]",[1],-14602263322739
"[1, 101, -128, -75, -81]",[1],-39316807957716
"[1, 9, -70, 14, 48]",[1],17231272672
"[1, 48, 64, 34, 49]",[1],-220119944368
"[1, 32, -22, 33, -106]",[1],-316670120699
"[1, -80, 75, 67, -93]",[1],-3176458269079
"[1, 30, -100, -53, 110]",[1],616665653013
"[1, 125, -114, -74, 123]",[1],-49882779972131
"[1, -63, 90, 107, -28]",[1],2527905414353
"[1, -124, -47, -110, 11]",[1],-12584099334928
"[1, 12, -15, -90, 7]",[1],6245120560
"[1, 109, 124, 95, -84]",[1],-42740765592743
"[1, 65, -1, 62, 74]",[1],-2939135293880
"[1, -68, -9, -13, 71]",[1],-2990710946943
"[1, 104, -57, -68, -91]",[1],-33293038008816
"[1, -33, 103, -30, 22]",[1],-43660808568
"[1, 122, 75, 85, 40]",[1],-5944587161575
"[1, -9, -120, 90, -3]",[1],65506011525
"[1, 10, 72, -66, 100]",[1],46363185616
"[1, -51, -81, -104, 20]",[1],-901534018720
"[1, -83, -42, -19, -58]",[1],-4095196218567
"[1, -26, 14, -104, 53]",[1],-85241314352
"[1, -18, -33, -93, -32]",[1],-15316239479
"[1, -24, -96, 1, 66]",[1],148228842213
"[1, 72, -127, -31, -45]",[1],-4943494120175
"[1, 83, 79, -52, 7]",[1],-15408676423
"[1, -49, 6, -46, -40]",[1],-313558301984
"[1, 6, -66, -121, -75]",[1],-13582950075
"[1, 66, 0, -58, 43]",[1],-725606912768
"[1, -112, -110, -10, 38]",[1],-4886212825136
"[1, 101, -105, 104, -55]",[1],-3574878519623
"[1, -119, -59, 118, -91]",[1],-54370189214687
"[1, -32, 103, -43, -7]",[1],13987009433
"[1, -44, 50, 121, -32]",[1],795212650677
"[1, -79, -41, 97, 59]",[2],390720805829
"[1, 100, 64, -14, -95]",[1],-21059629784368
"[1, 93, 53, 120, 74]",[1],-9573380704276
"[1, 15, -20, -39, 67]",[1],-2797294284
"[1, 109, 67, 27, -120]",[1],-56561392609200
"[1, 8, 10, 12, -112]",[1],-1028037888
"[1, 117, -26, -41, 112]",[1],-60074023864735
"[1, 95, 20, 40, -70]",[1],-11694057095500
"[1, -66, 29, 105, 88]",[1],-3892826581119
"[1, 127, -81, 18, -112]",[1],-88256077432492
"[1, 14, -26, 4, 23]",[1],-687632560
"[1, 46, -41, -117, 30]",[1],891122235129
"[1, -61, 16, 52, -69]",[1],-1370902825139
"[1, 19, 68, 0, 72]",[1],-10948019904
"[1, 90, 64, -25, -74]",[1],-7118825203051
"[1, 74, 95, -123, 103]",[1],-14249595177407
"[1, 86, 5, -37, 102]",[1],-15397083134807
"[1, 114, 45, -49, 119]",[1],-70090016243863
"[1, -95, 123, 75, -97]",[1],2043864456197
"[1, -6, 18, -111, 97]",[2],-1576300523
"[1, -116, 44, -118, -68]",[1],-41376531009456
"[1, 4, 41, 113, 25]",[1],-2331106407
"[1, -107, -121, 85, -81]",[1],-46148872796819
"[1, 98, 68, -39, 71]",[1],-15725483413091
"[1, -26, -19, -97, -23]",[1],-63824127759
"[1, -77, 78, -44, 122]",[1],-11303767614380
"[1, -89, -38, -26, 49]",[1],-4758054651787
"[1, -124, -44, 43, -63]",[1],-29514632938475
"[1, 29, 96, 23, 115]",[1],-244597549932
"[1, -13, -5, 54, -51]",[1],-1024827975
"[1, -39, -93, 44, -85]",[1],-1533168231007
"[1, -103, 122, 36, 16]",[1],-2830684968128
"[1, -110, 106, -63, -122]",[1],-68833634063347
"[1, -111, -89, -115, 58]",[1],-34674235967056
"[1, -51, -10, -3, -83]",[1],-1279416213972
"[1, 22, 52, -30, 58]",[1],-26354660272
"[1, -64, -44, -32, 106]",[1],-6002736830464
"[1, -118, 116, -85, -68]",[1],-39071846435643
"[1, 12, -24, -32, 54]",[1],189361152
"[1, 91, -40, -23, -30]",[2],-2110879080719
"[1, -90, 74, -40, -65]",[1],-8832383307440
"[1, -68, -114, 27, 30]",[1],968631849765
"[1, -71, 23, 10, 119]",[1],-9678319569071
"[1, 104, -77, 43, 46]",[1],-9441563324263
"[1, -120, -62, -89, -78]",[1],-26770064938939
"[1, 49, 42, -41, -115]",[1],-1363792635788
"[1, 60, -55, -87, 69]",[1],426116403177
"[1, -35, -68, -101, -41]",[1],-42554216476
"[1, -71, 63, 77, -31]",[1],1181066998509
"[1, -18, -72, 68, -71]",[1],-138074364464
"[1, -73, 91, -12, -120]",[1],-9102062499984
"[1, 73, 120, -14, 122]",[1],-15429171333452
"[1, 71, 11, 4, -92]",[1],-5763905234352
"[1, 81, 77, 46, 43]",[1],-1247499778127
"[1, -32, 47, 120, -86]",[1],302583493024
"[1, -16, 79, -40, 118]",[1],8844623456
"[1, 59, -26, 33, -126]",[1],-5052223798191
"[1, 21, -39, 65, 120]",[1],-186111488160
"[1, 19, -45, -114, 52]",[1],113337925348
"[1, 11, -29, -119, -9]",[1],14874515125
"[1, -53, -13, 76, 41]",[1],10448279617
"[1, 21, -87, -91, 104]",[1],438191048048
"[1, 2, -79, -61, 20]",[2],20389279489
"[1, 123, -43, -102, 93]",[1],-31755899651919
"[1, -35, -60, -22, 39]",[1],-77632839203
"[1, 109, -18, 1, 22]",[1],-1862748990855
"[1, -124, 105, -62, 121]",[1],-73427803815856
"[1, -49, -78, -45, -82]",[1],-972498146575
"[1, -112, 110, -106, -55]",[1],-29053697814704
"[1, 11, -79, -100, -100]",[1],-126240177200
"[1, 110, -107, 14, 52]",[1],-9933260870224
"[1, -41, 30, 83, -44]",[2],155043804857
"[1, 104, -100, 95, 116]",[1],-65757126423131
"[1, 69, -25, 18, 39]",[1],-1059027866367
"[1, 53, -79, 53, -89]",[1],-1414741515603
"[1, -118, 32, 29, 72]",[1],-28721602194539
"[1, 86, -117, 126, 100]",[1],-32926788342896
"[1, 126, 110, -10, -103]",[1],-57097586499840
"[1, -3, -106, -49, 80]",[1],152004365793
"[1, -88, 119, 26, 125]",[1],-33679399434512
"[1, 9, 19, 107, 52]",[1],-2515282096
"[1, 89, 107, -80, -92]",[1],1387657404000
"[1, -53, -88, -73, 119]",[1],-5006906367172
"[1, -112, 108, -9, -128]",[1],-61645262170235
"[1, -72, -72, -19, 61]",[1],-3001777193291
"[1, 35, 39, -26, 20]",[1],-28324522908
"[1, -15, 19, -62, 109]",[1],-8443844695
"[1, 75, -40, 118, 35]",[1],-5087776183227
"[1, -102, -114, 0, -19]",[1],-2340111992368
"[1, 24, -37, 127, 5]",[1],-144856264503
"[1, -68, -54, 119, -127]",[1],-12629320907211
"[1, 102, 47, -101, -38]",[1],3955170908521
"[1, -54, 76, 110, -100]",[1],1507283506000
"[1, 56, 85, -68, -110]",[1],62182513376
"[1, 78, -82, 66, 99]",[1],-14380338760128
"[1, 14, 109, 94, -13]",[1],-21708955456
"[1, 64, 67, -40, -49]",[1],-101942029456
"[1, 104, 60, -91, 21]",[1],-197704076395
"[1, 23, 117, 64, -22]",[1],9327617100
"[1, -117, -90, -34, 6]",[1],-615954872556
"[1, -113, 92, -117, -31]",[1],-18748563381584
"[1, 62, 20, -99, 88]",[1],-2837611412603
"[1, -40, -99, -18, -109]",[1],-1662937020688
"[1, 48, 97, 95, -47]",[1],-769209374047
"[1, 40, 114, 119, 56]",[1],-6605521083
"[1, 105, -52, -8, 39]",[1],-4521826422731
"[1, -61, 4, -106, 37]",[1],-1534690438411
"[1, -99, 27, -97, -117]",[1],-43579985577651
"[1, -45, 17, 110, -76]",[1],100267003716
"[1, -79, 121, -112, -70]",[1],-10933975214036
"[1, 112, -82, 98, -72]",[1],-14350481259312
"[1, 21, -69, -56, 6]",[1],33133491180
"[1, -119, 104, 43, 81]",[1],-48990875576744
"[1, -2, 59, 3, 28]",[1],5060949193
"[1, 43, 81, -117, 98]",[1],-1524388219852
"[1, -87, 75, -95, 27]",[1],-1020356840835
"[1, -39, 117, 13, 61]",[1],-617017717931
"[1, 5, 93, -13, -8]",[1],-9862622316
"[1, -115, -26, -39, 23]",[1],-3500604113952
"[1, -33, 78, 89, -84]",[1],341026855209
"[1, 89, 56, 92, 66]",[1],-5232760865324
"[1, 92, -46, -6, -117]",[1],-28104151240368
"[1, 3, 20, -99, 122]",[1],1788079433
"[1, 21, -83, 29, 74]",[1],15200272948
"[1, 52, -112, -98, 111]",[1],3611110056400
"[1, -100, 116, 48, 67]",[1],-21023797296128
"[1, 9, -120, -94, 36]",[1],257988709152
"[1, -44, -11, 13, 96]",[1],-936626198119
"[1, 45, 1, -72, -64]",[1],-303264568768
"[1, 77, -88, 65, 115]",[1],-17717904969780
"[1, -36, 77, 16, 100]",[1],-570445729472
"[1, -90, 56, 25, 117]",[1],-26028727643747
"[1, 2, -24, -86, -65]",[1],-4458496
"[1, 91, -60, -46, -126]",[1],-35939096892428
"[1, 0, 44, -107, 118]",[1],5166129109
"[1, -81, 75, -55, -14]",[1],-818658038156
"[1, 97, -43, 101, 48]",[1],-12685721209680
"[1, 37, 81, -110, -79]",[1],705443036737
"[1, -1, -50, 7, -43]",[1],-4964831572
"[1, 50, 105, -90, 83]",[1],-2660839947328
"[1, 47, -88, 85, -81]",[1],-436171181436
"[1, -114, -61, 112, -49]",[1],-11752406198736
"[1, -87, -78, -120, -49]",[1],-3010337468923
"[1, -51, 31, 123, -126]",[1],-589851050508
"[1, 14, 47, -103, -4]",[1],-4082267471
"[1, 14, -75, -7, -50]",[1],-54845346159
"[1, 59, 25, -84, -20]",[1],516213373712
"[1, 10, 12, -90, 123]",[1],935580672
"[1, -105, -59, 125, 113]",[1],-14515872425747
"[1, 91, -103, 106, 48]",[1],-13026933380012
"[1, -30, -99, -36, -100]",[1],-595559934976
"[1, -41, -125, -42, 57]",[1],153520145217
"[1, -14, 76, -67, -63]",[1],-3449925635
"[1, 80, 31, 24, 76]",[1],-5798165482048
"[1, 101, -28, 43, -106]",[1],-30046298812543
"[1, -103, -58, -123, 39]",[1],-17867390613312
"[1, 31, -112, -56, 16]",[1],283666863360
"[1, -74, -38, 39, -40]",[1],-1724143334307
"[1, 11, -66, -96, 110]",[1],102292317140
"[1, -115, 105, -47, 90]",[1],-30567340460012
"[1, -108, 93, 124, -32]",[1],16419233032384
"[1, -125, -109, -10, 9]",[1],-149812804575
"[1, -79, -21, -128, 101]",[1],-17589337548831
"[1, -112, 28, -109, 55]",[1],-15702410545675
"[1, -123, -78, -59, -62]",[1],-17673941742935
"[1, 55, -62, -34, 47]",[1],-93705989419
"[1, 6, -99, -53, 2]",[1],17205336041
"[1, 55, -5, 110, 1]",[2],-897537333919
"[1, 65, -106, 63, 66]",[2],-3459301474863
"[1, -106, -60, -85, 109]",[1],-55556185083363
"[1, -63, -113, -1, -53]",[1],-2702764502419
"[1, 59, -121, 37, 65]",[1],-1035963556651
"[1, 26, -73, -111, 56]",[1],427755700825
"[1, -80, -68, -75, -37]",[1],-814100337003
"[1, -25, 82, 28, -6]",[1],7478319124
"[1, 86, -71, 124, 112]",[1],-34613519655424
"[1, 56, -66, 95, -96]",[1],-1534564974235
"[1, -94, -117, -104, -32]",[1],-619486445056
"[1, -33, -126, -52, -38]",[1],-278694231404
"[1, -109, 122, -77, -84]",[1],-37272547689951
"[1, -72, -57, -53, 57]",[1],-3674689186743
"[1, 81, 52, 0, 33]",[1],-1330482531675
"[1, -110, -101, -97, 36]",[1],-16137065975663
"[1, 126, 36, -95, 111]",[1],-89782350758883
"[1, -78, 16, 15, 107]",[1],-11500701991603
"[1, 120, -105, -78, -106]",[1],-96055164303808
"[1, -120, -107, 76, -17]",[2],-3233910814672
"[1, 53, 89, 110, 72]",[2],-255831145292
"[1, -25, 72, 41, 99]",[1],-128071103836
"[1, -46, -44, -50, -78]",[1],-592451368112
"[1, -75, 83, -7, 116]",[1],-11528527931436
"[1, 58, -61, -109, -125]",[1],-7496579344311
"[1, -96, -57, -86, 38]",[1],-8311736975296
"[1, 90, -2, 68, 76]",[1],-11323430914816
"[1, 92, 15, 122, 69]",[1],-13022792002768
"[1, -76, -74, 91, 32]",[1],2790789220037
"[1, 7, 3, 17, -38]",[1],-128862220
"[1, 56, 70, 2, -65]",[1],-762286109104
"[1, 27, 115, 88, -26]",[1],19599459500
"[1, 44, 86, -105, -64]",[1],1095377803477
"[1, -54, -54, 119, 28]",[1],1673853616813
"[1, 46, -91, 96, 57]",[1],-1339814441136
"[1, -78, 110, -124, 64]",[1],-1079627735552
"[1, -77, -128, 123, -46]",[1],-5891784209607
"[1, 23, -41, 11, -63]",[1],-47043057235
"[1, -25, 64, 22, -43]",[1],17240967125
"[1, 102, 17, 128, 93]",[1],-30146470156016
"[1, 43, -105, -51, -112]",[1],-3647596177408
"[1, -121, -52, -124, 2]",[1],-13543301427308
"[1, -109, -77, -53, -66]",[1],-12769209677600
"[1, 62, 36, 65, 53]",[1],-829011318899
"[1, 14, -85, 0, 125]",[1],96943750000
"[1, 22, -62, -9, 44]",[1],16855693917
"[1, 78, 31, -108, -42]",[1],1906530389760
"[1, 81, 56, -52, -118]",[1],-11402846386380
"[1, -112, 36, 50, 78]",[1],-28412618847664
"[1, -47, -71, 63, 123]",[1],-564726958227
"[1, -78, 3, 57, 89]",[1],-7678103809567
"[1, 31, -126, 34, -112]",[1],-1443062522912
"[1, -94, -45, -122, 63]",[1],-19645778253632
"[1, 4, 118, 78, -4]",[1],-46794741168
"[1, 81, 73, -20, 55]",[1],-4546094554735
"[1, -74, -30, 8, 60]",[1],-2854924770560
"[1, -62, -92, 45, 84]",[1],-263409066171
"[1, -48, -63, -74, 51]",[1],-983628938448
"[1, -56, -8, 2, -4]",[2],-4529849776
"[1, 32, 49, -102, 59]",[1],-104701044048
"[1, 33, -15, 89, 8]",[1],-117261324688
"[1, 107, -50, -44, 98]",[1],-28891099830988
"[1, 14, -120, 115, 45]",[1],133181373325
"[1, 82, 98, 99, -88]",[1],-15950568841955
"[1, -120, -114, -82, 93]",[1],-73017015702192
"[1, 41, -71, 77, 110]",[1],-1827823270988
"[1, -24, -102, 113, -94]",[1],-744228402331
"[1, -13, 17, 88, -39]",[1],2523786129
"[1, -95, -34, -50, 3]",[1],-505995114947
"[1, 123, -117, 35, -72]",[1],-30409938456300
"[1, 36, -112, -20, -23]",[1],-310089615104
"[1, -72, -43, -95, 104]",[1],-12269698176351
"[1, -17, -48, 14, 95]",[1],-10233194643
"[1, 117, 3, -27, 68]",[1],-23401619584492
"[1, -2, -31, 78, -126]",[1],-2022507216
"[1, -115, 114, 22, -72]",[1],-13014115959776
"[1, 77, -29, 95, 97]",[1],-12955161168763
"[1, -44, -85, 106, -72]",[1],-1552385382368
"[1, 51, -126, -104, -84]",[1],-5622565830192
"[1, 30, 41, 73, -100]",[1],-295738027263
"[1, 127, 107, 30, -68]",[1],-33966645299324
"[1, 100, 39, 91, 63]",[1],-9561007385167
"[1, 18, 120, 78, -3]",[1],-8890644672
"[1, -56, -38, -40, 28]",[1],-384650828800
"[1, -55, -15, -98, -57]",[1],-1198411945655
"[1, -4, 95, -77, 119]",[1],101492672225
"[1, -86, -47, -33, 32]",[1],-2125581160719
"[1, 49, 39, 93, -121]",[1],-3209539033291
"[1, 49, -13, -13, -20]",[1],-70597249200
"[1, -21, 117, -71, 37]","[0, 1]",97173157
"[1, 47, -98, -124, -61]",[1],-1509220285475
"[1, 48, 126, 28, -52]",[2],206648699648
"[1, -58, 33, -17, -90]",[1],-2478308414423
"[1, -100, 69, -24, 59]",[1],-8134267659664
"[1, 11, 66, 71, -2]",[1],-1151949087
"[1, -124, 123, -38, 61]",[1],-20155658007568
"[1, -95, -88, 99, -84]",[1],-26011246486911
"[1, -7, -78, -67, 122]",[1],29826804217
"[1, -95, -49, -13, -62]",[1],-8348707432332
"[1, -42, -73, -27, 70]",[1],-500769878031
"[1, 66, 25, 55, 108]",[1],-5267308972351
"[1, 52, 29, -16, -107]",[1],-1980865262448
"[1, -98, -68, -70, 2]",[1],-1261862148784
"[1, 127, -6, 117, -126]",[1],-121487227355511
"[1, -107, 126, -76, 102]",[1],-24216898035884
"[1, 25, -113, 42, 79]",[1],173239103009
"[1, 7, -91, 72, 125]",[1],83730292441
"[1, -29, 111, 70, 120]",[1],-484564037260
"[1, 67, 56, -79, 49]",[1],-1836715369896
"[1, -55, -50, 128, 108]",[1],852167059280
"[1, -96, -43, 72, 109]",[1],-20696410066608
"[1, 25, 56, -20, 113]",[1],-126106604027
"[1, 60, -54, 18, 4]",[1],-14380662704
"[1, 92, -82, -22, -69]",[1],-12779640114608
"[1, 35, -36, 96, -38]",[1],-117330311948
"[1, 121, -37, 12, -88]",[1],-44439696840464
"[1, 91, 14, -67, 58]",[1],-6012135785151
"[1, -55, -34, 16, -68]",[1],-1356814378800
"[1, -116, -95, 127, 110]",[1],-2647931560295
"[1, 65, -34, 76, 105]",[1],-7360520830491
"[1, 48, 12, 31, 109]",[1],-1595551210331
"[1, 16, -81, 45, -99]",[1],-107862582663
"[1, 85, 113, -99, -121]",[2],2831419891069
"[1, 84, -63, -64, -35]",[1],-2773439609072
"[1, -105, -107, 97, 43]",[1],11341698217637
"[1, 110, -87, 87, 125]",[1],-86459984434399
"[1, 102, 111, 22, -128]",[1],-43886280417584
"[1, -52, 98, 108, -114]",[1],2333213548800
"[1, -8, -106, 59, -25]",[1],-48018178891
"[1, -82, -127, -16, 102]",[1],-10170747204032
"[1, 19, -42, -43, 75]",[1],8591793592
"[1, 54, -124, -103, 124]",[1],5546878377013
"[1, -102, 61, -44, 70]",[1],-11315870835136
"[1, -48, -107, 124, 119]",[1],4289103393712
"[1, -98, 125, 0, -89]",[1],-12042989487536
"[1, -88, 96, 68, -4]",[1],1505611072768
"[1, -102, -28, 39, 30]",[1],-1742206622523
"[1, 6, -90, -81, -15]",[1],4008178917
"[1, -20, -4, 63, 55]",[1],-3593340443
"[1, 26, -99, 21, 86]",[1],94865671625
"[1, 72, -105, -77, 14]",[1],2139821220425
"[1, 47, -3, -10, -72]",[1],-691140113932
"[1, 6, -110, 120, 29]",[1],98483674832
"[1, 16, -73, 117, 67]",[1],-99197372807
"[1, 88, -104, 31, -12]",[1],-188446299931
"[1, -11, 52, -118, -13]",[1],-477007435
"[1, -19, 78, 12, -3]",[1],330770061
"[1, 49, 11, -114, 1]",[2],679049494825
"[1, 100, 78, -24, -96]",[1],-18873122052096
"[1, 13, 53, -123, 82]",[1],7177934452
"[1, -39, -105, -58, -28]",[1],-68889030268
"[1, 11, -49, -52, -19]",[1],-2232523079
"[1, 77, -45, -22, -39]",[1],-1889924158975
"[1, -29, 5, -85, 38]",[1],-81245686636
"[1, -66, 25, -15, 126]",[1],-7687433521071
"[1, 73, 92, 22, -124]",[1],-10426274362976
"[1, -104, 115, 50, -124]",[1],-23364907547296
"[1, -69, 40, -74, -86]",[1],-6142404570700
"[1, -23, 79, 84, 127]",[1],-121749907975
"[1, -93, 88, 118, -66]",[1],8620664188916
"[1, -72, 110, -70, -119]",[1],-11892026676656
"[1, 33, -120, -116, 4]",[1],729690850768
"[1, 40, -94, 63, 47]",[1],-316257900923
"[1, 98, -21, 24, 103]",[1],-27638561305040
"[1, -6, 61, 26, 113]",[1],24170064448
"[1, -37, -103, 91, 92]",[1],1500755687456
"[1, 72, -91, 69, 21]",[1],-1270149070479
"[1, -2, -61, 11, -102]",[1],-28974829383
"[1, -66, 120, -95, -39]",[1],-2002723120611
"[1, 12, -50, 33, 86]",[1],-11495287915
"[1, 36, 6, 1, -63]",[1],-175899539979
"[1, 46, 77, -77, 81]",[1],-1401905954591
"[1, -65, 51, -30, -54]",[1],-1606110223896
"[1, 82, 123, 121, 67]",[1],-1211598377487
"[1, -56, -55, 80, 90]",[1],-361081327200
"[1, -84, 23, -81, -50]",[1],-5473775971791
"[1, -10, -45, -21, -91]",[1],-14502061903
"[1, -72, -54, -26, -15]",[1],-91915693488
"[1, 83, -122, 61, -14]",[1],-18115790911
"[1, 30, 110, -111, 44]",[1],-106898075683
"[1, 39, -92, -74, 30]",[1],583781110484
"[1, 47, -31, -109, 124]",[1],-728872169808
"[1, -105, 77, 105, -77]",[3],1286856979317
"[1, -79, 65, 100, 68]",[1],-6665320371856
"[1, 62, 55, -114, -72]",[1],1555187865552
"[1, 3, 105, -87, 85]",[1],142433352157
"[1, -23, 59, -119, 27]",[1],-18284591699
"[1, 18, -71, -72, 103]",[1],155582550288
"[1, -122, -41, -71, 52]",[1],-23738857334239
"[1, 110, -122, -4, -47]",[1],-14073940603312
"[1, 87, -17, 86, -18]",[1],-1866409628392
"[1, -5, 99, -26, -107]",[1],-158203113687
"[1, -53, 122, 69, 105]",[1],-5177628239388
"[1, -30, 42, -2, 14]",[1],-5844965296
"[1, -90, 36, 63, 117]",[1],-26513853133203
"[1, 25, -61, 24, -115]",[1],-241701309983
"[1, -75, 66, 35, -95]",[1],-4963109053820
"[1, -6, -42, -96, 89]",[1],-16627090864
"[1, 93, -32, -108, -102]",[1],-22425792511692
"[1, 109, -112, -89, -16]",[1],-965611699847
"[1, 35, 16, -36, -89]",[1],-249689328763
"[1, 128, -11, -23, -50]",[1],-18560192484271
"[1, -75, 21, 24, 50]",[1],-2267462922196
"[1, -42, 31, -104, -111]",[1],-1654367687248
"[1, 107, -101, 68, 104]",[1],-52480367725328
"[1, -42, -55, -108, 101]",[1],-2170882579120
"[1, -3, -87, 120, -109]",[1],-77832087871
"[1, 11, -109, -52, 119]",[1],388364549833
"[1, 51, 17, -93, -97]",[1],-860798079619
"[1, -17, -32, -55, 95]",[1],-57501222220
"[1, 4, 104, 13, 60]",[1],100688634997
"[1, -16, 84, 91, 57]",[1],20442041941
"[1, 75, 99, 22, -84]",[1],-5040148836348
"[1, 110, 10, -114, 19]",[1],5914104898112
"[1, -98, 88, -38, -7]",[1],-414231563456
"[1, -120, -25, -14, 60]",[1],-20965656811232
"[1, -37, 28, -69, -49]",[1],-238128956676
"[1, -81, -86, -76, 75]",[1],-11367980911699
"[1, 75, 24, 18, 53]",[1],-2200788084091
"[1, -48, -83, 23, 69]",[1],-81489811279
"[1, -82, 1, 16, 23]",[1],-639976643056
"[1, 62, -112, 92, 124]",[1],-10755877066752
"[1, 73, 17, 33, 20]",[1],-280433441696
"[1, 46, 115, -126, -90]",[1],2863089500112
"[1, -21, -54, 87, 43]",[1],101122112992
"[1, 102, -46, 94, 6]",[1],-3991991526704
"[1, 69, -2, -111, -126]",[1],-8039536456959
"[1, 43, -43, -10, 36]",[1],-86411813628
"[1, 76, 58, -125, -51]",[1],4378330068389
"[1, -88, -60, 79, -30]",[1],-1948529378075
"[1, -47, -65, -91, 76]",[1],-1916114901868
"[1, 106, -115, 32, 122]",[1],-54936338360128
"[1, -28, 82, 61, 15]",[1],-10739207003
"[1, 68, 87, 54, 43]",[1],-488991035120
"[1, 38, -38, 111, -34]",[1],-234579089811
"[1, 39, -120, 116, -10]",[1],-62170975948
"[1, 91, -128, -96, 54]",[1],11900559431988
"[1, -54, 60, -69, -68]",[1],-1657981065371
"[1, 58, -101, -27, 81]",[1],-151652588175
"[1, 12, 52, -9, 2]",[1],74106341
"[1, -122, -122, -59, -111]",[1],-62996106983803
"[1, -97, -97, -24, -9]",[1],-165669183711
"[1, -11, -11, -106, -105]",[1],-14774660519
"[1, -120, -73, -105, -124]",[1],-68258911776775
"[1, -16, 51, -76, 25]",[1],-177445296
"[1, 52, 99, -21, 94]",[1],-2654676365567
"[1, 44, 75, 72, -37]",[1],-321080280592
"[1, 16, -17, 108, -20]",[1],-26187478528
"[1, 127, 45, -77, 44]",[1],-15339567927200
"[1, 2, 43, 70, -6]",[1],-2039305136
"[1, -41, 15, -45, -75]",[1],-491954488875
"[1, -73, -124, -102, 120]",[1],-19813467175824
"[1, -102, -95, 47, -118]",[1],-56822394590111
"[1, -81, 13, -6, 95]",[1],-10315099294711
"[1, 0, 70, 95, -47]",[1],-38324734363
"[1, -86, 24, -49, 24]",[1],-815072978651
"[1, -5, 78, 16, -112]",[1],-72480710912
"[1, -53, -110, 95, -113]",[1],-7979621506720
"[1, -96, 14, 16, 80]",[1],-14833675898880
"[1, 57, 74, -84, 31]",[1],-461232839691
"[1, 67, 50, 35, 76]",[1],-2476596769551
"[1, -69, 46, 1, -119]",[1],-7981137941500
"[1, -6, -27, 92, -109]",[1],-2373197296
"[1, 6, -28, -93, -108]",[1],-2542085307
"[1, -3, 120, -50, 120]",[1],334813273200
"[1, 75, 89, -66, 89]",[1],-10585497324559
"[1, 116, -46, -80, 25]",[2],3062196000000
"[1, 111, 34, 57, -80]",[1],-30408749573463
"[1, 68, -38, -90, -6]",[1],858167651664
"[1, 126, -81, -116, 101]",[1],-18809756512528
"[1, -19, 12, 28, -108]",[1],-28491744560
"[1, -54, 41, 25, 27]",[1],-236897351327
"[1, -72, 48, 62, 21]",[1],-370051359408
"[1, -102, 86, 37, -99]",[1],-18737884651307
"[1, 76, 54, -85, -104]",[1],-4099662616603
"[1, 94, -116, -42, -110]",[1],-41677075204528
"[1, -45, 90, 69, 58]",[1],-881670050375
"[1, 70, 57, -29, 6]",[1],-56374067191
"[1, -24, -127, 106, -93]",[1],-1278273792848
"[1, -18, -116, 61, -110]",[1],-810792945547
"[1, 13, 29, 79, 82]",[1],-1151360304
"[1, 36, 9, 59, 60]",[1],-171408363975
"[1, -48, 5, 82, -82]",[1],-633371276064
"[1, 53, 47, 62, 75]",[1],-748271856191
"[1, -18, 29, 102, 69]",[1],-4820909376
"[1, -76, 110, 37, 39]",[1],-3319793058075
"[1, -67, -77, -76, -120]",[1],-5915721048208
"[1, 6, -6, 92, 124]",[1],-6912340736
"[1, -79, -116, 42, -114]",[1],-24816962104236
"[1, -32, 126, 7, -8]",[1],34841598309
"[1, 10, -4, -59, -6]",[1],635200885
"[1, 54, 85, 52, -50]",[1],-743368707520
"[1, 99, -21, 7, -98]",[1],-24978446434256
"[1, 126, 102, -128, 5]",[1],16142080394192
"[1, -22, 44, 29, -118]",[1],-17196055019
"[1, 77, -121, 97, -10]",[1],-441722975584
"[1, -118, -9, 38, 15]",[1],-667497832384
"[1, 35, -60, -47, -66]",[1],-446166971663
"[1, 10, 97, -46, 85]",[1],107447861696
"[1, -3, 78, -33, 47]",[1],21989336360
"[1, -94, 12, 102, 23]",[1],1976270464256
"[1, -96, 99, 78, -66]",[1],2711493494784
"[1, -20, 117, 119, -23]",[1],-63617896471
"[1, -80, 53, 44, -127]",[1],-13738933727152
"[1, -72, -8, 40, 31]",[1],-539988283648
"[1, 84, 3, -91, 43]",[1],-835278631151
"[1, 99, -10, 73, 59]",[1],-11366875430232
"[1, -60, -69, 86, -38]",[1],-960516219200
"[1, -112, -92, 117, 45]",[1],16255715738517
"[1, 25, 103, -89, 28]",[1],-17059842352
"[1, -63, -9, 107, -124]",[1],-5870432060608
"[1, 82, -35, -17, 93]",[1],-10166365322023
"[1, -22, -6, 83, -6]",[1],23875245869
"[1, 127, 1, -82, -64]",[1],-24001969348492
"[1, 68, 66, 81, 17]",[1],-262164602731
"[1, -62, -23, -94, 111]",[1],-6945051960896
"[1, 32, -57, -26, 40]",[1],26803032800
"[1, -69, 85, 68, -67]",[1],882108113953
"[1, -77, -15, 14, 103]",[1],-10010396027263
"[1, 75, 0, 106, -75]",[1],-6798920984667
"[1, -42, -45, -67, 95]",[1],-1315877444023
"[1, 57, -6, -124, -94]",[1],-1317778119436
"[1, -81, -1, 87, 27]",[1],566710815429
"[1, -25, -20, -116, -8]",[1],-107031815104
"[1, -82, 70, 68, -31]",[1],1373977194832
"[1, 95, 63, 103, -2]",[1],-3447466184848
"[1, -54, -36, -35, 95]",[1],-2542924909075
"[1, -122, -13, -114, 83]",[1],-56314863859136
"[1, 52, -57, -126, -79]",[1],-1700693854096
"[1, -15, -68, -37, -68]",[1],-35450908279
"[1, -35, -51, -2, 106]",[1],-489426445368
"[1, 78, -124, 45, 116]",[1],-15150523469083
"[1, 97, 95, -113, 26]",[1],-662618420108
"[1, -74, -55, -7, -97]",[1],-8113444536007
"[1, 52, 19, -95, -101]",[1],-989505881119
"[1, -3, 58, -61, 79]",[1],7629841112
"[1, -38, -125, 57, -73]",[1],-2105919686367
"[1, 114, 75, 35, -9]",[1],-938476691271
"[1, 121, 39, -70, 17]",[1],-667394817903
"[1, 84, -85, -4, 25]",[1],-343931140208
"[1, 87, -115, 116, -43]",[1],-873349319583
"[1, -73, 89, -106, 32]",[1],-491226656300
"[1, 38, -50, 40, 126]",[2],-1264617515456
"[1, -62, 67, -75, 14]",[1],-135276437031
"[1, 45, 72, -54, 74]",[1],-1007686091596
"[1, 20, 121, -113, -75]",[1],-139985772503
"[1, 7, -40, -65, 82]",[1],8091470265
"[1, 123, 9, -47, -57]",[1],-18418838336307
"[1, -90, 31, 90, -71]",[1],-3943121587200
"[1, -103, 57, -90, -81]",[1],-29537863035831
"[1, -42, 66, 72, -113]",[1],58913786704
"[1, -5, 85, -90, 68]",[1],24508964292
"[1, 35, 27, 33, 20]",[1],-8551654960
"[1, 75, 24, -11, 115]",[1],-11298640231868
"[1, 119, -42, 87, -108]",[1],-56743167635559
"[1, -81, 125, -63, 110]",[1],-10413779740720
"[1, -105, -107, 125, 55]",[1],20049071845205
"[1, 66, 114, 42, 16]",[1],-118989941936
"[1, -49, -57, -42, 36]",[1],-385002365436
"[1, -109, 115, 83, 110]",[1],-70968890866400
"[1, -43, -12, 74, 33]",[1],71237580989
"[1, 49, -53, -41, 98]",[1],-978360895052
"[1, 65, 115, 87, -58]",[1],-2843994564204
"[1, 20, 7, -42, 16]",[1],498137312
"[1, 41, -32, -122, -59]",[1],-35652933451
"[1, -123, 98, -44, -102]",[1],-71074175443244
"[1, -99, 115, 25, 31]",[1],-5440856775091
"[1, -79, -64, -59, 8]",[1],-629604074767
"[1, 63, 2, -55, 94]",[1],-3629334959951
"[1, 41, 114, 85, 104]",[1],-432562198455
"[1, -68, -47, -114, 17]",[1],-2503887425712
"[1, -6, 112, 23, -111]",[1],-288157474723
"[1, 41, 36, -56, 93]",[1],-770757063827
"[1, -49, -96, -38, -91]",[1],-1635431146731
"[1, -107, -43, 15, 98]",[1],-32870626317872
"[1, -27, 12, -51, -36]",[1],-33757444575
"[1, -83, 50, -8, 75]",[1],-6883396129043
"[1, -72, 96, -54, -82]",[1],-5720679273136
"[1, 23, 11, 113, -65]",[1],-112503304035
"[1, -14, -57, -87, 60]",[1],-38723200983
"[1, 106, -3, 72, 18]",[1],-2976735956544
"[1, -68, 73, -39, 77]",[1],-2543196307287
"[1, 108, 51, 94, 37]",[1],-5057797948304
"[1, -127, 27, -24, 103]",[1],-71656769986511
"[1, 101, 113, 126, 23]",[1],-2800541815991
"[1, 58, 107, -62, 6]",[1],72570248080
"[1, -86, -94, 78, 49]",[1],3500758772992
"[1, 102, -5, 118, 87]",[1],-30244662932416
"[1, 128, 127, -82, -99]",[1],-11406015130000
"[1, -64, 34, 72, 31]",[1],-382902240256
"[1, -115, 46, 7, -15]",[1],-833035930748
"[1, 81, 7, 97, -65]",[1],-7215423008803
"[1, 39, 12, -45, -40]",[1],-50808164935
"[1, -49, -6, 7, 75]",[1],-879732240368
"[1, -35, -108, -124, -97]",[1],-128902558923
"[1, 93, -10, -1, 27]",[1],-1476591082808
"[1, -18, -31, 67, 65]",[1],15667823841
"[1, 45, 77, -20, -27]",[1],83052965617
"[1, 77, 6, -87, 115]",[1],-11791969980224
"[1, 77, 74, 27, -119]",[1],-13330196323580
"[1, -127, 123, 114, 96]",[1],-106521642613548
"[1, 79, -74, -18, 92]",[1],-7325554269840
"[1, -51, 17, -88, 87]",[1],-1399360378055
"[1, -35, 111, 58, -55]",[1],381522331777
"[1, -16, 113, -93, -125]",[1],-67912979183
"[1, -41, -119, 72, -3]",[1],207225978345
"[1, -34, -127, -39, -19]",[1],-153904737191
"[1, 69, 118, 123, 28]",[1],-350071245495
"[1, -80, -61, 27, 115]",[1],-12800393755991
"[1, 59, -73, -28, 127]",[1],-4045389792135
"[1, -97, -56, 109, 13]",[1],6209062394840
"[1, 95, 101, -57, 110]",[1],-37345313842508
"[1, 36, 78, 82, 104]",[1],-165956954800
"[1, -47, -35, -78, -15]",[1],-149421600351
"[1, -117, 95, -60, -75]",[1],-36831555366375
"[1, 24, 80, -53, -69]",[1],56071651669
"[1, 97, 128, 27, 123]",[1],-36161160137196
"[1, 0, 32, 57, -64]",[1],-3346755643
"[1, 12, -62, -54, -104]",[1],-84313150128
"[1, -54, 92, -106, 8]",[1],-290868465456
"[1, -38, 105, 79, -61]",[2],635840023225
"[1, -99, 116, 119, 7]",[1],5835687648532
"[1, 60, 61, 97, 26]",[1],-358822647623
"[1, -106, -116, 10, -122]",[1],-65614994861104
"[1, -35, 126, -110, -66]",[1],-90979012300
"[1, 0, -71, 123, -3]",[1],14717864625
"[1, 2, -28, -81, -97]",[1],-477860771
"[1, 100, 96, -78, -17]",[1],4390977319888
"[1, -101, 25, -55, -6]",[1],-905619201728
"[1, -38, -47, -77, 113]",[1],-1344636640727
"[1, -26, -108, 106, 50]",[1],804037065808
"[1, -48, -43, -127, -107]",[1],-1526170629071
"[1, 121, -57, -23, 79]",[1],-32530933195875
"[1, -114, 94, 46, 59]",[1],-23534627546048
"[1, 99, -66, 12, 22]",[1],-1360365600236
"[1, -111, -64, -94, 10]",[1],-6008980123724
"[1, -22, 48, 103, -111]",[1],62974803613
"[1, 90, -84, 83, -16]",[1],-597596461339
"[1, 29, 88, -87, 63]",[1],-167947015140
"[1, -106, 107, 90, -9]",[1],6322507153344
"[1, -70, 109, 128, 67]",[1],-5878001921200
"[1, -63, 53, -7, 19]",[1],-155253597059
"[1, 65, -60, -81, 117]",[1],-2950507207224
"[1, 62, 46, -48, -65]",[1],-781351353520
"[1, 80, -20, 116, -22]",[1],-3272179792640
"[1, -94, -81, -89, -10]",[1],-1253669263839
"[1, -4, -97, 76, 100]",[1],173822039424
"[1, 17, -81, 19, -116]",[1],-202237883392
"[1, 61, -80, -115, -97]",[1],-6818077193236
"[1, 7, 35, -26, -58]",[1],-1788150632
"[1, 98, 94, -119, 52]",[1],-10217823331795
"[1, -22, 4, 41, 59]",[1],-19660045187
"[1, -2, -118, 72, 70]",[1],250508029504
"[1, 25, -91, 34, -81]",[1],-249524636399
"[1, -10, -86, -25, 92]",[1],66761517373
"[1, -64, -66, -35, -98]",[1],-4101634204843
"[1, -82, -21, 73, 32]",[1],109831696497
"[1, 31, 63, 118, -81]",[1],-393665751391
"[1, 19, -8, 89, -28]",[1],-22699283263
"[1, -14, 57, 19, -13]",[1],-574489175
"[1, -28, -46, 28, -39]",[1],-68689920000
"[1, -126, 3, 93, -64]",[1],-20712384615703
"[1, -113, -11, 31, -12]",[1],-569275371280
"[1, -78, -92, 49, 19]",[1],1139840561117
"[1, -58, -97, -13, -101]",[1],-4484432205567
"[1, -108, -94, -101, 73]",[1],-38151007963931
"[1, 101, 118, -121, -42]",[1],17511216693641
"[1, -20, -105, 15, 108]",[2],328592608497
"[1, -123, 110, 97, -76]",[1],6215762886057
"[1, -82, 58, 24, -63]",[1],-3423231625392
"[1, -47, 115, -2, 40]",[1],-567289672588
"[1, -10, 51, 87, 29]",[1],-733660879
"[1, -79, -64, -10, 22]",[1],-517440996012
"[1, 76, -3, 15, -49]",[1],-2157429531991
"[1, -3, 6, -124, 43]",[1],-5584161731
"[1, 98, -88, 58, 8]",[1],-1177794576304
"[1, -24, -111, -47, 7]",[1],37821204049
"[1, 23, -51, -128, 101]",[2],284404901625
"[1, -20, -108, -27, 121]",[1],222322787797
"[1, -80, 77, 14, 89]",[1],-10017131056816
"[1, -101, 81, 107, -105]",[1],-5498875648211
"[1, -121, 82, 99, -109]",[1],-28013406178368
"[1, 104, -24, -2, 6]",[1],-105488098736
"[1, 24, -59, 4, -24]",[1],-22163416000
"[1, -71, -119, 10, 109]",[1],-4211934424519
"[1, 82, -35, 2, -88]",[1],-9758402037712
"[1, -56, 88, -4, -44]",[1],-147789986560
"[1, 62, 18, 35, -41]",[2],-797113978731
"[1, 40, 86, -2, 18]",[1],-76470750512
"[1, -89, 89, 62, 114]",[1],-29858266294536
"[1, -35, -114, 38, 47]",[1],596551539717
"[1, -71, 89, 100, 40]",[1],-1956485086800
"[1, 41, 124, -13, 53]",[1],-681873172616
"[1, 49, 66, 54, -9]",[1],-86248384875
"[1, 0, 128, -48, 18]",[1],57925158912
"[1, -68, 37, 99, -65]",[1],276421549817
"[1, 98, 105, 30, 60]",[1],-7962787717200
"[1, -52, 99, 80, 76]",[1],-2493220281408
"[1, -82, 29, -30, 12]",[1],-131736333072
"[1, -91, 8, 49, -9]",[1],253915642524
"[1, 105, 46, -54, 105]",[1],-40381417743051
"[1, -75, -4, 69, -98]",[1],-7860722311575
"[1, -120, -11, 11, 49]",[1],-13298960398639
"[1, -40, 96, -61, -81]",[1],-373839336715
"[1, -126, -107, -91, 11]",[1],-8625500915951
"[1, 4, 19, 85, -10]",[1],-1018336175
"[1, -122, -40, -56, -63]",[1],-20858527633328
"[1, -103, -31, -42, -85]",[1],-20508508163231
"[1, 23, -53, -102, -52]",[1],-43552127964
"[1, 89, -101, 99, -99]",[1],-9888619351347
"[1, -54, 42, 30, 6]",[1],-12386318256
"[1, -29, 35, -58, 34]",[1],-9999476712
"[1, 8, 8, 43, -104]",[1],-1936831275
"[1, -81, -51, -73, -87]",[1],-7021201084011
"[1, 107, -66, -52, -42]",[1],-9406249498732
"[1, -44, 16, -91, 21]",[1],-245218052555
"[1, 49, 123, -32, 34]",[1],-793121854500
"[1, 117, 37, -11, 56]",[1],-16430255694176
"[1, 38, -65, -126, -113]",[1],-1527649651648
"[1, -127, 97, 14, 44]",[1],-17786286724700
"[1, -103, 58, -5, -44]",[1],-5600900075791
"[1, -68, -25, -124, 116]",[1],-12537726368128
"[1, -110, -30, -92, 53]",[1],-18865337906480
"[1, -96, -120, 29, -42]",[1],-9394304042763
"[1, -29, -82, 128, -38]",[1],35299478196
"[1, -35, -85, -66, -87]",[2],-280858673415
"[1, -6, 64, -16, -96]",[1],-22430138368
"[1, 83, -17, -33, 80]",[1],-7746104049708
"[1, 54, -126, -81, -80]",[1],-5989932253859
"[1, -33, -26, 122, -48]",[1],107853125792
"[1, 98, 123, 124, -125]",[1],-62878333627408
"[1, -42, -96, 49, 112]",[1],438868506181
"[1, -87, -57, -75, 70]",[1],-12181736239520
"[1, 32, -32, -56, -13]",[1],6968933120
"[1, -106, 70, -39, -26]",[1],-3508226461363
"[1, -117, 90, -78, 76]",[1],-18563790353360
"[1, -122, -7, -69, 32]",[1],-9049589818535
"[1, 17, 24, 96, 4]",[1],-11649330608
"[1, 105, 112, -12, -41]",[1],-1659790098891
"[1, 105, -119, -80, 35]",[1],9245975397985
"[1, 68, -29, -115, 109]",[1],-2937415827055
"[1, -19, -117, -75, -99]",[1],-333123744123
"[1, -50, -92, -21, -75]",[1],-1427252878755
"[1, 49, 27, 55, -121]",[1],-2556914095571
"[1, 127, 76, 50, 118]",[1],-83261566866124
"[1, 98, 3, 84, 108]",[1],-30829937278464
"[1, 46, -3, 32, 10]",[1],-26881480768
"[1, -104, -71, 12, -101]",[1],-36734556768016
"[1, -26, -107, -37, 74]",[1],118086178025
"[1, 111, 82, -67, -95]",[1],-18708406912300
"[1, -123, -49, -75, -78]",[1],-32020724935968
"[1, 8, -74, 115, -54]",[1],-509794763
"[1, 25, 45, 125, 123]",[1],-68228021723
"[1, 16, 7, 94, 18]",[1],-13849434496
"[1, -122, -79, -68, 69]",[2],-41560126497968
"[1, -93, 125, -40, -33]",[1],-2154578770535
"[1, -70, 95, 12, 21]",[1],-709369456656
"[1, 67, -3, 83, 48]",[1],-2025346814816
"[1, -27, -125, -125, -116]",[1],-326343851968
"[1, -13, -13, 46, -37]",[1],-1284629335
"[1, -23, 87, 24, -69]",[1],33356820249
"[1, 125, 28, -37, 6]",[1],-51574121551
"[1, 27, -38, -107, -92]",[1],-192836002351
"[1, -18, -1, -12, -72]",[1],-15174237312
"[1, -75, -52, 32, -21]",[1],-665818391891
"[1, -101, -77, 54, 127]",[1],-33751040054623
"[1, -16, -73, 88, 25]",[1],89279687952
"[1, 86, -107, -31, 10]",[1],794601869729
"[1, 90, -121, -43, -7]",[1],-548648816271
"[1, -64, 57, 92, 115]",[1],-7681483574928
"[1, 99, -95, 62, -116]",[1],-28918886352700
"[1, 66, 31, -4, 72]",[1],-2636270199424
"[1, 53, 29, 61, 101]",[1],-1756065828019
"[1, -12, -83, 97, -82]",[1],-121292132951
"[1, 100, 33, 7, 5]",[1],-53764919159
"[1, 55, 34, 125, 121]",[1],-3226875580876
"[1, -102, -114, -5, -113]",[1],-45500990764523
"[1, -89, -77, -8, 54]",[1],-4825954364500
"[1, -27, 27, -100, 31]",[1],-52321932023
"[1, -61, 117, -38, -76]",[1],-1391656548348
"[1, -60, -118, -31, -24]",[1],-463428153131
"[1, -115, 1, 84, -90]",[1],-34360073699076
"[1, -112, 92, 51, 40]",[1],-11657882146763
"[1, -38, -4, -67, 97]",[1],-639180506691
"[1, -65, 128, 84, -117]",[1],4474956465693
"[1, -118, -3, -103, -4]",[1],-7233954869255
"[1, -126, -114, 102, -72]",[1],-63647045381808
"[1, -62, 87, -92, -108]",[1],-6892023877888
"[1, 117, -69, -31, -32]",[1],-7662949084076
"[1, 35, 1, -62, -40]",[1],-20550701068
"[1, -124, 89, -127, 77]",[1],-24264946960871
"[1, -109, 8, -88, -127]",[1],-66802590410315
"[1, -49, -45, -57, 4]",[1],-100603085900
"[1, 13, 121, -49, -96]",[1],-277053200108
"[1, 53, -87, -81, -69]",[1],-2709279976923
"[1, 88, -103, -27, -79]",[1],-16374942834335
"[1, 23, -60, 33, 123]",[1],-191899781964
"[1, 123, 34, -28, 44]",[1],-13140352703408
"[1, -119, 68, -53, 54]",[1],-11368392599375
"[1, 98, 61, 94, 94]",[1],-15977058027856
"[1, -28, -90, 41, 94]",[1],299026194453
"[1, 36, -80, -99, 50]",[1],758974237109
"[1, 7, -107, -19, 43]",[1],103953472301
"[1, -117, 99, 116, -61]",[1],16076501011553
"[1, -53, 31, -19, -68]",[1],-1011631021744
"[1, 59, -93, 90, 121]",[1],-8628199973591
"[1, -64, -61, -111, -75]",[1],-1806058158855
"[1, 35, 31, 78, -78]",[1],-401554794888
"[1, 127, 123, 91, 100]",[1],-43262898349068
"[1, 71, -56, 50, -38]",[1],-615408343948
"[1, -127, 113, 77, 79]",[1],-69128821502379
"[1, -97, -110, -34, 31]",[1],-2836406627371
"[1, -86, -99, 3, 68]",[1],-5020141966735
"[1, 125, -40, 11, 12]",[1],-1109098430159
"[1, 90, 68, 123, 38]",[1],-3508695476203
"[1, 91, -121, -107, -79]",[1],-26675656653419
"[1, -8, -69, 2, 98]",[1],31756408128
"[1, 60, 54, -8, -28]",[1],-147973504000
"[1, -27, -81, 9, 75]",[1],64471495293
"[1, -4, 114, 39, 6]",[1],7455294837
"[1, 6, 102, -14, -3]",[1],-5733704448
"[1, -18, 62, -81, -115]",[1],-16797209083
"[1, -41, 54, -40, 55]",[1],-126234251275
"[1, -24, -50, -13, 26]",[1],-4739733323
"[1, -16, 54, -93, 106]",[2],-790726379
"[1, -101, -84, 45, -62]",[1],-16779814436471
"[1, -45, -95, -112, 91]",[1],-2714033804671
"[1, -41, -121, -15, 30]",[1],279992318100
"[1, 126, -93, -87, 7]",[1],8578787627065
"[1, 81, 17, -88, -18]",[1],1335799106908
"[1, 107, -64, 101, 101]",[1],-55489308200696
"[1, 9, -60, -87, 80]",[1],48233754041
"[1, 37, 119, 111, -97]",[1],-440768912675
"[1, 103, 3, -91, -108]",[1],-31446914945072
"[1, 50, 36, -33, -99]",[1],-1213291777203
"[1, -73, -109, -55, -48]",[1],-1268754581168
"[1, 33, -92, -61, 92]",[1],561840984313
"[1, 101, -13, -20, -66]",[1],-12610889575476
"[1, -99, 78, 30, -97]",[1],-17641301332027
"[1, -59, -116, 109, -100]",[1],-9792962064095
"[1, -15, -22, 33, -34]",[1],-3981537391
"[1, 106, -81, -61, 110]",[1],-26731426730895
"[1, -111, -68, -102, -66]",[1],-13180831392108
"[1, -90, 123, 128, -65]",[1],16934852539696
"[1, -33, 61, -103, -32]",[1],-185214211852
"[1, 5, 117, -107, 98]",[1],254548486548
"[1, -127, -23, 38, -59]",[1],-26119799219935
"[1, 30, 27, -22, 50]",[1],-60207640240
"[1, -106, 127, 84, -23]",[1],9230555970032
"[1, 54, -110, 110, 99]",[1],-5457778583488
"[1, -64, 11, -22, -84]",[1],-3255476813984
"[1, 41, 123, -80, 93]",[1],-1789387603727
"[1, 62, 34, -28, -44]",[1],-513269190400
"[1, 9, -60, -49, 12]",[1],8977782393
"[1, 100, 54, 128, 24]",[1],-6490727168000
"[1, 37, -63, -24, 24]",[1],49111380000
"[1, 56, 77, -114, 29]",[1],75859987216
"[1, -68, 56, -20, 50]",[1],-1210693856000
"[1, 82, 81, -4, -18]",[1],-69875265344
"[1, -1, 0, 40, -65]","[1, 1]",-106210075
"[1, 17, 70, -123, 127]",[1],20560677248
"[1, -46, 13, 76, 58]",[1],-326152429504
"[1, 10, 44, -37, 127]",[1],10929473325
"[1, -122, -30, -117, 26]",[1],-18648455720323
"[1, -114, 0, 7, 62]",[1],-17526934011883
"[1, -39, -37, -53, 80]",[1],-649957509888
"[1, 105, -47, 82, -78]",[1],-16811874216136
"[1, 18, 63, -26, -102]",[1],5937616656
"[1, 12, -5, 99, -28]",[1],-10085207887
"[1, 11, 101, -73, -120]",[1],-225467870672
"[1, -67, 3, -128, -121]",[1],-10682246636559
"[1, -117, -75, 40, -88]",[1],-49638927598240
"[1, 29, 21, -62, -81]",[1],-41265310703
"[1, -6, 2, -74, -50]",[1],-1420905392
"[1, -115, -25, 92, -115]",[1],-65527619089367
"[1, -104, 126, 92, 72]",[1],-32647577909504
"[1, -36, -94, 96, -52]",[1],-618251533312
"[1, -69, 67, -79, -99]",[1],-8404214075683
"[1, 72, -28, 11, -31]",[1],-667762696875
"[1, 124, 74, 84, 29]",[1],-3745276264448
"[1, 1, -102, -53, 108]",[1],184569983105
"[1, -123, 36, -94, -121]",[1],-108454636070851
"[1, -44, -73, -42, -29]",[1],-51998086256
"[1, -13, 44, 2, -35]",[2],-44801499
"[1, -26, 126, 38, 21]",[1],-30266295296
"[1, 43, 121, 13, -128]",[1],18989191316
"[1, 32, -23, -75, 86]",[1],-71722215663
"[1, 70, 4, 19, 96]",[1],-5916179028763
"[1, -109, 88, -3, 81]",[1],-26087605185528
"[1, -56, 15, 97, 127]",[1],-4122059209767
"[1, -55, -23, 80, -15]",[1],218507598785
"[1, 38, -70, -28, 11]",[1],55591049680
"[1, 49, 7, -81, -56]",[1],-160314452224
"[1, -23, 37, 109, -87]",[1],69312562589
"[1, -61, -64, -36, 88]",[1],-3720605093312
"[1, -31, 9, 66, 69]",[1],-100844882631
"[1, -25, -122, -37, 78]",[1],316513367657
"[1, 49, -76, 50, -123]",[1],-2246819547483
"[1, -34, -113, -121, -64]",[1],-25203269975
"[1, -9, -19, 3, -38]",[1],-869064300
"[1, -118, 115, 9, 50]",[1],-18064938701175
"[1, -95, -87, 98, 70]",[1],4009425934136
"[1, 76, 82, -3, 123]",[1],-14309467916859
"[1, -75, -96, 24, -52]",[1],-4548747372592
"[1, 86, 11, 52, 122]",[1],-21399034468864
"[1, -124, 77, -73, 95]",[1],-43255007054183
"[1, -81, -54, 108, -8]",[1],2433907526656
"[1, 56, 100, -72, 66]",[1],-2609470457856
"[1, 4, 68, 43, -68]",[1],-23205757899
"[1, 88, -14, 1, 19]",[1],-591836967163
"[1, -13, 118, 25, -100]",[1],-224061672775
"[1, -60, 28, 19, -93]",[1],-2678608018699
"[1, 28, -40, -31, -37]",[1],-55133054203
"[1, -35, -49, -100, 3]",[1],-183190635567
"[1, -97, 40, 45, 45]",[1],-5789827765800
"[1, -71, -116, 86, -75]",[1],-10649922395675
"[1, -48, 87, 38, -11]",[1],144482915056
"[1, -43, 4, -120, -47]",[1],-777988545931
"[1, -84, -109, 54, -1]",[2],551397182864
"[1, 72, 114, -103, -24]",[1],4134220363845
"[1, 117, 55, 72, 80]",[1],-25614991838848
"[1, 96, -123, -24, -9]",[1],-1160816563728
"[1, -127, -52, -59, 50]",[1],-24715638068575
"[1, 63, 79, 51, -84]",[1],-3534976925004
"[1, 121, -57, -45, 105]",[1],-54499223080035
"[1, -115, 0, 88, 52]",[1],-8651692412464
"[1, -15, 10, -110, 68]",[1],-20699617808
"[1, -71, -27, -22, 77]",[1],-4471932435399
"[1, 64, -96, -12, 70]",[1],-964531712768
"[1, 94, -31, -26, 115]",[1],-26804458137024
"[1, 10, 87, -37, 9]",[1],4317072889
"[1, 96, 63, -96, 102]",[1],-30098960507808
"[1, 92, -106, 50, -76]",[1],-9339301579184
"[1, 0, -17, -72, 73]",[1],-1550109168
"[1, 78, -94, -46, -43]",[1],-4298344610304
"[1, 14, 85, -61, 118]",[1],76798365977
"[1, -55, -125, 69, 3]",[1],691986845205
"[1, 91, -10, 6, -102]",[1],-19309187630508
"[1, 52, -40, 23, 82]",[1],-1584118075131
"[1, -71, -122, -5, 84]",[1],-2470360067431
"[1, 55, -125, -57, 4]",[1],530692588052
"[1, -27, -59, 42, 116]",[1],-37486472572
"[1, 117, 67, -97, -101]",[1],-23754506506099
"[1, -85, -13, -5, -96]",[1],-13051791419724
"[1, -21, -2, -51, 52]",[1],-21553782903
"[1, -37, -35, 33, 116]",[1],-597821286828
"[1, -107, -2, 39, -76]",[1],-20288621975463
"[1, 55, 100, 62, 22]",[1],-16787009164
"[1, -115, 56, 45, 125]",[1],-81104560937600
"[1, 42, 14, 81, 95]",[1],-751406170507
"[1, -47, 75, -28, 114]",[1],-1401355897700
"[1, 86, 24, -79, 28]",[1],-493114337595
"[1, 118, 123, 62, 121]",[1],-59712100676608
"[1, -87, 88, 34, 65]",[1],-9436382391683
"[1, -73, -61, 12, -28]",[1],-924599658608
"[1, -87, 40, 35, 35]",[1],-2351489854700
"[1, -123, 11, 46, 28]",[1],-4580116202396
"[1, -87, 110, -63, 35]",[1],-668039088976
"[1, -12, -20, -58, -82]",[1],-4902830768
"[1, 63, 124, -19, -58]",[1],892863101665
"[1, -26, 15, 14, 114]",[1],-148077258800
"[1, -117, 70, -77, -6]",[1],-3444299111023
"[1, -37, -105, 12, -40]",[1],-505750799056
"[1, -86, 20, -17, 81]",[2],-9272297042963
"[1, 85, -120, -126, 122]",[1],12479754416756
"[1, 93, 13, -88, 87]",[1],-14437235550583
"[1, 113, -127, -105, -41]",[1],-17699286878891
"[1, -62, 53, -33, -125]",[1],-6416627858903
"[1, -29, -20, -124, -120]",[1],-372073881536
"[1, 103, 17, 1, 80]",[1],-19272830035148
"[1, -98, 66, -18, -76]",[1],-14536092533296
"[1, 59, -91, -36, -102]",[1],-6357945916500
"[1, -96, 101, -118, -77]",[1],-28166591216528
"[1, 120, 111, -43, -45]",[1],-130933596663
"[1, 49, 78, -70, 61]",[1],-1126081977043
"[1, 104, 29, 13, 85]",[1],-21953920332303
"[1, 121, -45, 72, 16]",[1],-5630127075968
"[1, 122, -52, -110, -11]",[1],7403454045504
"[1, 34, 7, 61, 35]",[1],-68674808687
"[1, -46, -44, -38, 44]",[1],-385774658992
"[1, 9, -54, -86, -45]",[1],-6300693891
"[1, -74, -63, 20, -27]",[1],-1018944849200
"[1, 86, 33, -36, -10]",[1],126666578624
"[1, 22, -109, -81, -103]",[1],-871404527471
"[1, 37, 5, 33, 96]",[1],-453028071120
"[1, 77, -108, -1, -100]",[1],-13729502198903
"[1, -90, 40, 95, -85]",[1],-5543535417875
"[1, 87, -66, 49, -22]",[1],-343696707823
"[1, 37, 30, 68, 8]",[1],-43495584768
"[1, -67, 115, -73, 1]",[2],-115638219595
"[1, 14, 28, 59, 65]",[1],-867092771
"[1, 38, 107, -11, 8]",[1],-46725246655
"[1, -40, -127, -84, 41]",[1],-118827945008
"[1, -2, 92, -114, 18]",[1],-19337129136
"[1, 86, -114, 0, -4]",[1],-211729324288
"[1, -102, 53, 36, 68]",[1],-15754319036416
"[1, -49, 43, 6, -103]",[1],-1370671396383
"[1, 42, -15, -108, 31]",[1],370791963472
"[1, -121, 124, 36, -72]",[1],-10417296572352
"[1, 64, 70, 28, -123]",[1],-6656126341888
"[1, -34, 1, 40, 121]",[1],-516322181488
"[1, -31, 65, -96, -111]",[1],-436756286175
"[1, 48, -44, 52, -100]",[1],-1226471869184
"[1, -97, 100, 65, 101]",[1],-35600093754296
"[1, 75, 17, 55, -95]",[1],-8511869388395
"[1, 21, -61, 100, 44]",[1],-106571256720
"[1, -33, -72, -126, 38]",[1],-551816022316
"[1, 40, 112, 41, 1]","[1, 2]",9265365509
"[1, 113, -73, 120, -61]",[1],-13057944210551
"[1, 76, 96, 27, 43]",[1],-1522112133515
"[1, -120, 94, -48, -79]",[1],-41267045429248
"[1, -75, -66, 99, 64]",[1],2005524386401
"[1, -59, 66, -43, 64]",[1],-865946256583
"[1, 42, -105, 43, -110]",[1],-1616035436591
"[1, 68, -77, -36, 63]",[1],-769149365904
"[1, 73, -49, 46, -5]",[1],-80358498111
"[1, 12, 28, -64, -23]",[1],-150687232
"[1, -98, 119, 99, -50]",[1],11425184455129
"[1, 3, -100, 50, 44]",[1],71607720672
"[1, 124, -81, -7, 40]",[1],-8362331828383
"[1, 108, 44, -38, -11]",[1],322505482192
"[1, -56, -16, -35, -20]",[1],-103439140875
"[1, -126, 72, 96, 18]",[1],703626087744
"[1, -119, -15, 118, 116]",[1],-55925680487036
"[1, 109, -115, 32, -66]",[1],-16523226132900
"[1, 8, 56, 38, -3]",[1],-651710384
"[1, 127, -79, 31, -7]",[1],-84566116211
"[1, -45, -99, -32, -15]",[1],-67713471423
"[1, 92, 77, 37, 81]",[1],-10276282933335
"[1, 51, 115, -51, -104]",[1],1131404511312
"[1, -104, 66, -60, 128]",[1],-42468918359296
"[1, -10, -100, -92, -30]",[1],-8745484992
"[1, 88, -77, 55, -13]",[1],-101795610743
"[1, 91, 80, 8, 118]",[1],-25407241517772
"[1, -78, -28, -79, 24]",[1],-1972295530475
"[1, 95, 83, -98, -126]",[1],-11794222610856
"[1, -48, -47, -45, 25]",[1],-222700582575
"[1, 58, 115, 6, -17]",[1],193922702528
"[1, 126, -82, -49, -33]",[1],-12444788579243
"[1, 59, -11, 18, 113]",[1],-4337756999271
"[1, 44, -24, 41, 67]",[1],-609854170203
"[1, 25, 33, -103, 77]",[1],-48950447931
"[1, 71, -76, 19, 117]",[1],-10225059011184
"[1, 120, -120, -86, 44]",[1],13962481504592
"[1, 83, -34, 24, 52]",[1],-3975338744624
"[1, -34, -15, 6, 89]",[1],-297842699200
"[1, 62, 18, -6, 1]",[2],-685826816
"[1, 95, 110, 20, -66]",[1],-8051453008076
"[1, 44, -99, 4, -17]",[1],-178448274832
"[1, -46, 56, -124, 118]",[1],-933675909312
"[1, -101, 24, 65, 83]",[1],-20403223785324
"[1, -88, -71, -38, -103]",[1],-15756803308528
"[1, 45, -33, -124, 2]",[1],789681734204
"[1, -14, 37, -52, -61]",[1],-2480887408
"[1, 63, 107, 38, -50]",[1],-842227272776
"[1, -84, 53, 71, 117]",[1],-21774674381783
"[1, 41, -8, -70, 52]",[1],-79353294688
"[1, -51, 108, 93, 116]",[1],-4893565516303
"[1, -89, 52, 67, 92]",[1],-17277524036447
"[1, -76, 33, 35, -116]",[1],-10535977989351
"[1, 10, -21, -8, -20]",[1],-486988416
"[1, 69, 126, -103, -53]",[1],5900475390880
"[1, -70, -110, 25, 98]",[1],-2305549871923
"[1, -82, -110, -84, -65]",[1],-2472183582640
"[1, -108, -126, -6, 101]",[1],-31627525937584
"[1, -4, -12, -27, 16]",[1],-87576971
"[1, 21, 101, -29, -26]",[1],3726019792
"[1, -85, -77, 77, -81]",[1],-14978908868611
"[1, 124, 14, -91, -125]",[1],-87918741593019
"[1, 124, -109, -112, -52]",[1],-31163012054080
"[1, 62, -107, 125, -101]",[1],-1583430490711
"[1, 78, -42, -65, -92]",[1],-10545820185875
"[1, -31, -81, -6, 110]",[1],-186328160104
"[1, 94, -100, -73, -114]",[1],-44437942841211
"[1, -110, 23, -124, -38]",[1],-18138853309824
"[1, 13, -16, 124, -1]",[2],-29202871403
"[1, -115, 28, -74, -46]",[1],-14782238990476
"[1, 101, 45, -102, 126]",[1],-50080866056136
"[1, -98, -90, 36, -99]",[1],-33872284308528
"[1, 70, 62, 89, 42]",[1],-684207667251
"[1, -35, 50, 112, -49]",[1],348046769749
"[1, 8, -16, -8, -58]",[1],-1238800384
"[1, -68, 112, -116, 50]",[1],-214195989248
"[1, 88, -45, 71, 13]",[1],-1691871405367
"[1, 41, 46, -75, -121]",[1],-303069868704
"[1, -16, -55, -51, 35]",[1],-9941972111
"[1, -63, -47, 118, -100]",[1],-5414790979388
"[1, 49, 125, -17, -20]",[1],330828565236
"[1, 123, -6, -106, 14]",[1],7955030750612
"[1, -86, -11, 26, 56]",[1],-4436353328848
"[1, 127, -85, -63, 5]",[1],3599135250997
"[1, 109, -123, 69, -46]",[1],-4105311234124
"[1, -77, 91, -38, -31]",[1],-1165616278343
"[1, -63, -103, 69, -43]",[1],-2658258890419
"[1, -99, 59, -65, 82]",[1],-13103871877388
"[1, 70, -112, 6, 55]",[1],-801524618240
"[1, 63, -12, -18, -82]",[1],-2981127080812
"[1, -77, 67, -106, 9]",[1],-1419692834975
"[1, -2, -100, 98, 51]",[1],119799631872
"[1, -14, 83, -17, 40]",[1],10504471857
"[1, -127, 108, 28, 100]",[1],-86154335231152
"[1, -128, -124, 56, 44]",[1],5307733889024
"[1, -41, 89, -44, -114]",[1],-725447228708
"[1, -128, 127, -108, 65]",[1],-12612092997936
"[1, -106, 106, 66, 124]",[1],-72169012202416
"[1, -101, -49, 24, 5]",[1],136179000049
"[1, -32, 97, -97, 84]",[1],-45053797727
"[1, 106, -10, 49, -127]",[1],-54462036265499
"[1, 68, 55, 59, -117]",[1],-9300232262863
"[1, 8, -128, -47, 35]",[1],205640313509
"[1, -103, 51, 3, -105]",[1],-31758567936219
"[1, 20, 115, 127, -78]",[1],-654794159
"[1, -118, 128, -80, 23]",[1],-372389978800
"[1, -19, -23, -75, 47]",[1],-38796755523
"[1, 41, 91, 31, 12]",[1],-19469318144
"[1, -92, 44, 27, -15]",[1],-64687932651
"[1, 113, 114, -85, -123]",[1],-20115918063292
"[1, 48, -107, -29, -24]",[1],-563919968191
"[1, 102, 24, -79, -105]",[1],-25839509350707
"[1, 93, -81, -15, -97]",[1],-23560206331531
"[1, 85, -6, -7, -95]",[1],-12819354996676
"[1, 123, -8, 38, -95]",[1],-55368415790131
"[1, 67, -55, -111, -64]",[1],-2866045334636
"[1, -114, -97, -34, 13]",[1],-1444359600896
"[1, -7, 25, 34, 18]",[1],129621112
"[1, 43, 104, -22, -59]",[1],306053698725
"[1, 44, 126, -57, -124]",[1],1466665151189
"[1, -61, -77, -65, -2]",[1],-143552786512
"[1, -67, -57, 102, 74]",[1],1022168891336
"[1, -7, -89, 17, -55]",[1],-71415107339
"[1, 73, 99, 113, -55]",[1],-6430043245059
"[1, 64, -75, -75, -1]",[2],580637530337
"[1, -13, 55, 101, -8]",[1],-10181199808
"[1, -7, -73, -45, 76]",[1],21995990272
"[1, -63, -121, -114, 29]",[1],-2405824249423
"[1, -125, -102, 26, 59]",[1],-13821763140531
"[1, -110, 8, 71, -60]",[1],-11435318744475
"[1, -61, 79, 16, -128]",[1],-3974617709824
"[1, -65, -99, -107, -122]",[1],-4160771381952
"[1, -105, -82, -44, -33]",[1],-2235912658859
"[1, -40, 21, -51, 100]",[1],-568582207151
"[1, -127, 67, 120, 35]",[1],-4393008709095
"[1, -79, 21, 84, -109]",[1],-9355088527015
"[1, 123, -100, 114, 61]",[1],-53434594709883
"[1, 48, -58, -100, 118]",[1],40934787328
"[1, -28, 41, 10, -67]",[1],-34574800624
"[1, 5, -115, 8, 120]",[1],318760261408
"[1, 68, 19, 59, 54]",[1],-1572081467743
"[1, 90, 22, 20, -128]",[1],-29316152416768
"[1, -102, 37, -123, 58]",[1],-12428359938711
"[1, 30, 122, -51, -33]",[1],150370078629
"[1, -4, 108, -51, 126]",[1],214218657045
